[18:14:04] [ServerMain/INFO]: Environment: Environment[sessionHost=https://sessionserver.mojang.com, servicesHost=https://api.minecraftservices.com, name=PROD]
[18:14:06] [ServerMain/INFO]: Loaded 1174 recipes
[18:14:06] [ServerMain/INFO]: Loaded 1271 advancements
[18:14:06] [Server thread/INFO]: Starting minecraft server version 1.20.4
[18:14:06] [Server thread/INFO]: Loading properties
[18:14:06] [Server thread/INFO]: This server is running Paper version git-Paper-499 (MC: 1.20.4) (Implementing API version 1.20.4-R0.1-SNAPSHOT) (Git: 9de3f75 on ver/1.20.4)
[18:14:07] [Server thread/INFO]: Server Ping Player Sample Count: 12
[18:14:07] [Server thread/INFO]: Using 4 threads for Netty based IO
[18:14:07] [Server thread/WARN]: [!] The timings profiler has been enabled but has been scheduled for removal from Paper in the future.
    We recommend installing the spark profiler as a replacement: https://spark.lucko.me/
    For more information please visit: https://github.com/PaperMC/Paper/issues/8948
[18:14:07] [Server thread/INFO]: [ChunkTaskScheduler] Chunk system is using 1 I/O threads, 6 worker threads, and gen parallelism of 6 threads
[18:14:07] [Server thread/INFO]: Default game type: SURVIVAL
[18:14:07] [Server thread/INFO]: Generating keypair
[18:14:07] [Server thread/INFO]: Starting Minecraft server on *:25565
[18:14:08] [Server thread/INFO]: Using default channel type
[18:14:08] [Server thread/INFO]: Paper: Using Java compression from Velocity.
[18:14:08] [Server thread/INFO]: Paper: Using Java cipher from Velocity.
[18:14:08] [Server thread/INFO]: [SpigotLibraryLoader] [MythicMobs] Loading 4 libraries... please wait
[18:14:08] [Server thread/INFO]: [SpigotLibraryLoader] [MythicMobs] Loaded library C:\Users\aless\Desktop\SERVER\libraries\net\kyori\adventure-api\4.16.0\adventure-api-4.16.0.jar
[18:14:08] [Server thread/INFO]: [SpigotLibraryLoader] [MythicMobs] Loaded library C:\Users\aless\Desktop\SERVER\libraries\net\kyori\adventure-key\4.16.0\adventure-key-4.16.0.jar
[18:14:08] [Server thread/INFO]: [SpigotLibraryLoader] [MythicMobs] Loaded library C:\Users\aless\Desktop\SERVER\libraries\net\kyori\examination-api\1.3.0\examination-api-1.3.0.jar
[18:14:08] [Server thread/INFO]: [SpigotLibraryLoader] [MythicMobs] Loaded library C:\Users\aless\Desktop\SERVER\libraries\net\kyori\examination-string\1.3.0\examination-string-1.3.0.jar
[18:14:08] [Server thread/INFO]: [SpigotLibraryLoader] [MythicMobs] Loaded library C:\Users\aless\Desktop\SERVER\libraries\org\jetbrains\annotations\24.1.0\annotations-24.1.0.jar
[18:14:08] [Server thread/INFO]: [SpigotLibraryLoader] [MythicMobs] Loaded library C:\Users\aless\Desktop\SERVER\libraries\net\kyori\adventure-platform-bukkit\4.3.2\adventure-platform-bukkit-4.3.2.jar
[18:14:08] [Server thread/INFO]: [SpigotLibraryLoader] [MythicMobs] Loaded library C:\Users\aless\Desktop\SERVER\libraries\net\kyori\adventure-platform-api\4.3.2\adventure-platform-api-4.3.2.jar
[18:14:08] [Server thread/INFO]: [SpigotLibraryLoader] [MythicMobs] Loaded library C:\Users\aless\Desktop\SERVER\libraries\net\kyori\adventure-text-serializer-bungeecord\4.3.2\adventure-text-serializer-bungeecord-4.3.2.jar
[18:14:08] [Server thread/INFO]: [SpigotLibraryLoader] [MythicMobs] Loaded library C:\Users\aless\Desktop\SERVER\libraries\net\kyori\adventure-text-serializer-legacy\4.13.1\adventure-text-serializer-legacy-4.13.1.jar
[18:14:08] [Server thread/INFO]: [SpigotLibraryLoader] [MythicMobs] Loaded library C:\Users\aless\Desktop\SERVER\libraries\net\kyori\adventure-nbt\4.13.1\adventure-nbt-4.13.1.jar
[18:14:08] [Server thread/INFO]: [SpigotLibraryLoader] [MythicMobs] Loaded library C:\Users\aless\Desktop\SERVER\libraries\net\kyori\adventure-text-serializer-gson-legacy-impl\4.13.1\adventure-text-serializer-gson-legacy-impl-4.13.1.jar
[18:14:08] [Server thread/INFO]: [SpigotLibraryLoader] [MythicMobs] Loaded library C:\Users\aless\Desktop\SERVER\libraries\net\kyori\adventure-platform-facet\4.3.2\adventure-platform-facet-4.3.2.jar
[18:14:08] [Server thread/INFO]: [SpigotLibraryLoader] [MythicMobs] Loaded library C:\Users\aless\Desktop\SERVER\libraries\net\kyori\adventure-platform-viaversion\4.3.2\adventure-platform-viaversion-4.3.2.jar
[18:14:08] [Server thread/INFO]: [SpigotLibraryLoader] [MythicMobs] Loaded library C:\Users\aless\Desktop\SERVER\libraries\net\kyori\adventure-text-minimessage\4.16.0\adventure-text-minimessage-4.16.0.jar
[18:14:08] [Server thread/INFO]: [SpigotLibraryLoader] [MythicMobs] Loaded library C:\Users\aless\Desktop\SERVER\libraries\net\kyori\adventure-text-serializer-gson\4.16.0\adventure-text-serializer-gson-4.16.0.jar
[18:14:08] [Server thread/INFO]: [SpigotLibraryLoader] [MythicMobs] Loaded library C:\Users\aless\Desktop\SERVER\libraries\net\kyori\adventure-text-serializer-json\4.16.0\adventure-text-serializer-json-4.16.0.jar
[18:14:08] [Server thread/INFO]: [SpigotLibraryLoader] [MythicMobs] Loaded library C:\Users\aless\Desktop\SERVER\libraries\net\kyori\option\1.0.0\option-1.0.0.jar
[18:14:08] [Server thread/INFO]: [SpigotLibraryLoader] [MythicMobs] Loaded library C:\Users\aless\Desktop\SERVER\libraries\com\google\code\gson\gson\2.8.0\gson-2.8.0.jar
[18:14:08] [Server thread/INFO]: [ProtocolLib] Loading server plugin ProtocolLib v5.4.0
[18:14:09] [Server thread/INFO]: [Citizens] Loading server plugin Citizens v2.0.33-SNAPSHOT (build 3373)
[18:14:09] [Server thread/INFO]: [EliteEnchantments] Loading server plugin EliteEnchantments v2.3.8
[18:14:09] [Server thread/INFO]: [Sentinel] Loading server plugin Sentinel v2.9.2-SNAPSHOT (build 527)
[18:14:09] [Server thread/INFO]: [EliteArmor] Loading server plugin EliteArmor v6.8.2
[18:14:09] [Server thread/INFO]: [ElitePets] Loading server plugin ElitePets v1.6.2
[18:14:09] [Server thread/INFO]: [WorldEdit] Loading server plugin WorldEdit v7.3.9+6959-7adf70b
[18:14:09] [Server thread/INFO]: Got request to register class com.sk89q.worldedit.bukkit.BukkitServerInterface with WorldEdit [com.sk89q.worldedit.extension.platform.PlatformManager@4cbc3c7f]
[18:14:09] [Server thread/INFO]: [SlotBot] Loading server plugin SlotBot v1.2.1
[18:14:09] [Server thread/INFO]: [OreRegenerator] Loading server plugin OreRegenerator v2.4.9
[18:14:09] [Server thread/INFO]: [MythicMobs] Loading server plugin MythicMobs v5.9.5-f13ab4a1
[18:14:09] [Server thread/INFO]: [LumineUtils] (io.lumine.mythic.bukkit.utils.) is bound to plugin MythicMobs - io.lumine.mythic.bukkit.MythicBukkit
[18:14:09] [Server thread/INFO]: [MythicMobs] §x§f§f§0§0§0§0M§x§f§f§6§6§0§0y§x§f§f§c§c§0§0t§x§c§b§f§f§0§0h§x§6§5§f§f§0§0i§x§0§0§f§f§0§0c§x§0§0§f§f§6§6 §x§0§0§f§f§c§bE§x§0§0§c§b§f§fn§x§0§0§6§5§f§fa§x§0§0§0§0§f§fb§x§6§6§0§0§f§fl§x§c§c§0§0§f§fe§x§f§f§0§0§c§cd§x§f§f§0§0§6§6!
[18:14:09] [Server thread/INFO]: [MadGuards] Loading server plugin MadGuards v1.0.0
[18:14:09] [Server thread/INFO]: [i18n-paper] Loading server plugin i18n-paper v1.3
[18:14:09] [Server thread/INFO]: [Essentials] Loading server plugin Essentials v2.21.2
[18:14:09] [Server thread/INFO]: [EliteMasks] Loading server plugin EliteMasks v1.6.3
[18:14:09] [Server thread/INFO]: [EliteLootbox] Loading server plugin EliteLootbox v2.4.5
[18:14:09] [Server thread/INFO]: [EliteBosses] Loading server plugin EliteBosses v1.6.1
[18:14:09] [Server thread/INFO]: Server permissions file permissions.yml is empty, ignoring it
[18:14:09] [Server thread/INFO]: [ProtocolLib] Enabling ProtocolLib v5.4.0
[18:14:09] [Server thread/INFO]: [WorldEdit] Enabling WorldEdit v7.3.9+6959-7adf70b
[18:14:10] [Server thread/INFO]: Registering commands with com.sk89q.worldedit.bukkit.BukkitServerInterface
[18:14:10] [Server thread/INFO]: WEPIF: Using the Bukkit Permissions API.
[18:14:10] [Server thread/INFO]: Using com.sk89q.worldedit.bukkit.adapter.impl.v1_20_R3.PaperweightAdapter as the Bukkit adapter
[18:14:11] [Server thread/INFO]: Preparing level "world"
[18:14:12] [Server thread/INFO]: Preparing start region for dimension minecraft:overworld
[18:14:13] [Server thread/INFO]: Time elapsed: 630 ms
[18:14:13] [Server thread/INFO]: Preparing start region for dimension minecraft:the_nether
[18:14:13] [Server thread/INFO]: Time elapsed: 18 ms
[18:14:13] [Server thread/INFO]: Preparing start region for dimension minecraft:the_end
[18:14:13] [Server thread/INFO]: Time elapsed: 13 ms
[18:14:13] [Server thread/INFO]: [Citizens] Enabling Citizens v2.0.33-SNAPSHOT (build 3373)
[18:14:13] [Server thread/INFO]: [Citizens] Loading external libraries
[18:14:14] [Server thread/INFO]: [Citizens] Detected system language [[{0}]]. If you'd like you can contribute to Citizens translations via our Discord! https://discord.gg/Q6pZGSR
[18:14:14] [Server thread/INFO]: [Citizens] Loaded 0 templates.
[18:14:14] [Server thread/INFO]: [EliteEnchantments] Enabling EliteEnchantments v2.3.8
[18:14:14] [Server thread/INFO]: [EliteEnchantments] [ACF] Enabled Asynchronous Tab Completion Support!
[18:14:14] [Server thread/INFO]: [NBTAPI] [NBTAPI] Found Minecraft: v1_20_R3! Trying to find NMS support
[18:14:14] [Server thread/INFO]: [NBTAPI] [NBTAPI] NMS support 'MC1_20_R3' loaded!
[18:14:14] [Server thread/INFO]: [NBTAPI] [NBTAPI] Using the plugin 'EliteEnchantments' to create a bStats instance!
[18:14:14] [Server thread/INFO]: [Sentinel] Enabling Sentinel v2.9.2-SNAPSHOT (build 527)
[18:14:14] [Server thread/INFO]: [Sentinel] Sentinel loading...
[18:14:14] [Server thread/INFO]: [Sentinel] Running on java version: 21.0.8
[18:14:14] [Server thread/INFO]: [Sentinel] Sentinel loaded on a fully supported Minecraft version. If you encounter any issues or need to ask a question, please join our Discord at https://discord.gg/Q6pZGSR and post in the '#sentinel' channel.
[18:14:14] [Server thread/WARN]: [Sentinel] Sentinel Configuration value 'random.spectral sound' is set to an invalid sound name. This is usually an ignorable issue.
[18:14:14] [Server thread/INFO]: [Sentinel] Sentinel loaded!
[18:14:14] [Server thread/INFO]: [EliteArmor] Enabling EliteArmor v6.8.2
[18:14:14] [Server thread/INFO]: [EliteArmor] [ACF] Enabled Asynchronous Tab Completion Support!
[18:14:14] [Server thread/INFO]: [NBTAPI] [NBTAPI] Found Minecraft: v1_20_R3! Trying to find NMS support
[18:14:14] [Server thread/INFO]: [NBTAPI] [NBTAPI] NMS support 'MC1_20_R3' loaded!
[18:14:14] [Server thread/INFO]: [NBTAPI] [NBTAPI] Using the plugin 'EliteArmor' to create a bStats instance!
[18:14:14] [Server thread/INFO]: [ElitePets] Enabling ElitePets v1.6.2
[18:14:14] [Server thread/INFO]: [ElitePets] [ACF] Enabled Asynchronous Tab Completion Support!
[18:14:14] [Server thread/INFO]: [SlotBot] Enabling SlotBot v1.2.1
[18:14:15] [Server thread/INFO]: [NBTAPI] [NBTAPI] Found Spigot: v1_20_R3! Trying to find NMS support
[18:14:15] [Server thread/INFO]: [NBTAPI] [NBTAPI] NMS support 'MC1_20_R3' loaded!
[18:14:15] [Server thread/INFO]: [NBTAPI] [NBTAPI] Using the plugin 'SlotBot' to create a bStats instance!
[18:14:15] [Server thread/INFO]: [SlotBot] Loaded 3 rewards
[18:14:15] [Server thread/INFO]: [SlotBot] Loaded 3 high roller rewards
[18:14:15] [Server thread/INFO]: [SlotBot] Loaded 1 credit shop rewards
[18:14:15] [Server thread/INFO]: [OreRegenerator] Enabling OreRegenerator v2.4.9
[18:14:15] [Server thread/INFO]: [OreRegenerator] You are using OreRegenerator Premium, thank you for your support!
[18:14:15] [Server thread/INFO]: [OreRegenerator] Looking for plugins to convert data from...
[18:14:15] [Server thread/INFO]: [OreRegenerator] Finished converting data from plugins
[18:14:16] [Server thread/INFO]: [OreRegenerator] [ACF] Enabled Asynchronous Tab Completion Support!
[18:14:16] [Server thread/INFO]: [OreRegenerator] Loading hooks...
[18:14:16] [Server thread/INFO]: [OreRegenerator] Finished loading hooks!
[18:14:16] [Server thread/INFO]: [MythicMobs] Enabling MythicMobs v5.9.5-f13ab4a1
[18:14:16] [Server thread/INFO]: [MythicMobs] Loading MythicMobs for Paper (MC: 1.20.4)...
[18:14:16] [Server thread/INFO]: [MythicMobs] The server is running Paper; enabled Paper exclusive functionality
[18:14:18] [Server thread/INFO]: [MythicMobs] Mythic Citizens Support has been enabled!
[18:14:20] [Server thread/INFO]: [MythicMobs] Loading Packs...
[18:14:20] [Server thread/INFO]: [MythicMobs] Loading Items...
[18:14:20] [Server thread/INFO]: [MythicMobs] Loading Item Groups...
[18:14:20] [Server thread/INFO]: [MythicMobs] Loading Skills...
[18:14:20] [Server thread/INFO]: [MythicMobs] Loading Drop Tables...
[18:14:20] [Server thread/INFO]: [MythicMobs] Loading Random Spawns...
[18:14:20] [Server thread/INFO]: [MythicMobs] Loading Spawn Blocks...
[18:14:20] [Server thread/INFO]: [MythicMobs] ✓ Loaded 10 mobs.
[18:14:20] [Server thread/INFO]: [MythicMobs] ✓ Loaded 3 vanilla mob overrides.
[18:14:20] [Server thread/INFO]: [MythicMobs] ✓ Loaded 0 mob stacks.
[18:14:20] [Server thread/INFO]: [MythicMobs] ✓ Loaded 5 skills.
[18:14:20] [Server thread/INFO]: [MythicMobs] ✓ Loaded 0 random spawns.
[18:14:20] [Server thread/INFO]: [MythicMobs] ✓ Loaded 3 mythic items.
[18:14:20] [Server thread/INFO]: [MythicMobs] ✓ Loaded 2 drop tables.
[18:14:20] [Server thread/INFO]: [MythicMobs] ✓ Loaded 0 mob spawners.
[18:14:20] [Server thread/INFO]: [MythicMobs] MythicMobs configuration file loaded successfully.
[18:14:20] [Server thread/INFO]: [MythicMobs] Started up bStats Metrics
[18:14:20] [Server thread/INFO]: [MythicMobs] ✓ MythicMobs v5.9.5 ( build f13ab4a1 ) has been successfully loaded!
[18:14:20] [Server thread/INFO]: [MadGuards] Enabling MadGuards v1.0.0
[18:14:20] [Server thread/INFO]: [MadGuards] MadGuards plugin enabled.
[18:14:20] [Server thread/INFO]: [MadGuards] ========================================
[18:14:20] [Server thread/INFO]: [MadGuards]   MadGuards plugin by MadManMax
[18:14:20] [Server thread/INFO]: [MadGuards]   Original build — do not leak or resell
[18:14:20] [Server thread/INFO]: [MadGuards] ========================================
[18:14:20] [Server thread/INFO]: [MadGuards] [MadGuards] Buyer=480131 Resource=74616 Nonce=5d1f5254c382fe4f063c8b49423621d8
[18:14:20] [Server thread/INFO]: [i18n-paper] Enabling i18n-paper v1.3
[18:14:20] [Server thread/WARN]: java.nio.file.NoSuchFileException: i18n_repo
[18:14:20] [Server thread/WARN]: 	at java.base/sun.nio.fs.WindowsException.translateToIOException(WindowsException.java:85)
[18:14:20] [Server thread/WARN]: 	at java.base/sun.nio.fs.WindowsException.rethrowAsIOException(WindowsException.java:103)
[18:14:20] [Server thread/WARN]: 	at java.base/sun.nio.fs.WindowsException.rethrowAsIOException(WindowsException.java:108)
[18:14:20] [Server thread/WARN]: 	at java.base/sun.nio.fs.WindowsFileAttributeViews$Basic.readAttributes(WindowsFileAttributeViews.java:53)
[18:14:20] [Server thread/WARN]: 	at java.base/sun.nio.fs.WindowsFileAttributeViews$Basic.readAttributes(WindowsFileAttributeViews.java:38)
[18:14:20] [Server thread/WARN]: 	at java.base/sun.nio.fs.WindowsFileSystemProvider.readAttributes(WindowsFileSystemProvider.java:197)
[18:14:20] [Server thread/WARN]: 	at java.base/java.nio.file.Files.readAttributes(Files.java:1854)
[18:14:20] [Server thread/WARN]: 	at java.base/java.nio.file.FileTreeWalker.getAttributes(FileTreeWalker.java:220)
[18:14:20] [Server thread/WARN]: 	at java.base/java.nio.file.FileTreeWalker.visit(FileTreeWalker.java:277)
[18:14:20] [Server thread/WARN]: 	at java.base/java.nio.file.FileTreeWalker.walk(FileTreeWalker.java:323)
[18:14:20] [Server thread/WARN]: 	at java.base/java.nio.file.FileTreeIterator.<init>(FileTreeIterator.java:71)
[18:14:20] [Server thread/WARN]: 	at java.base/java.nio.file.Files.walk(Files.java:3911)
[18:14:20] [Server thread/WARN]: 	at i18n-paper-1.3.jar//de.helixdevs.i18n.common.repositories.FilesTranslationRepository.load(FilesTranslationRepository.java:54)
[18:14:20] [Server thread/WARN]: 	at i18n-paper-1.3.jar//de.helixdevs.i18n.common.repositories.FilesTranslationRepository.<init>(FilesTranslationRepository.java:50)
[18:14:20] [Server thread/WARN]: 	at i18n-paper-1.3.jar//de.helixdevs.i18n.common.platform.I18nPlatform.loadTranslations(I18nPlatform.java:28)
[18:14:20] [Server thread/WARN]: 	at i18n-paper-1.3.jar//de.helixdevs.i18n.common.platform.I18nPlatform.enable(I18nPlatform.java:22)
[18:14:20] [Server thread/WARN]: 	at i18n-paper-1.3.jar//de.helixdevs.i18n.paper.I18nPaperPlugin.onEnable(I18nPaperPlugin.java:25)
[18:14:20] [Server thread/WARN]: 	at org.bukkit.plugin.java.JavaPlugin.setEnabled(JavaPlugin.java:287)
[18:14:20] [Server thread/WARN]: 	at io.papermc.paper.plugin.manager.PaperPluginInstanceManager.enablePlugin(PaperPluginInstanceManager.java:188)
[18:14:20] [Server thread/WARN]: 	at io.papermc.paper.plugin.manager.PaperPluginManagerImpl.enablePlugin(PaperPluginManagerImpl.java:104)
[18:14:20] [Server thread/WARN]: 	at org.bukkit.plugin.SimplePluginManager.enablePlugin(SimplePluginManager.java:507)
[18:14:20] [Server thread/WARN]: 	at org.bukkit.craftbukkit.v1_20_R3.CraftServer.enablePlugin(CraftServer.java:639)
[18:14:20] [Server thread/WARN]: 	at org.bukkit.craftbukkit.v1_20_R3.CraftServer.enablePlugins(CraftServer.java:550)
[18:14:20] [Server thread/WARN]: 	at net.minecraft.server.MinecraftServer.loadWorld0(MinecraftServer.java:671)
[18:14:20] [Server thread/WARN]: 	at net.minecraft.server.MinecraftServer.loadLevel(MinecraftServer.java:431)
[18:14:20] [Server thread/WARN]: 	at net.minecraft.server.dedicated.DedicatedServer.e(DedicatedServer.java:309)
[18:14:20] [Server thread/WARN]: 	at net.minecraft.server.MinecraftServer.w(MinecraftServer.java:1131)
[18:14:20] [Server thread/WARN]: 	at net.minecraft.server.MinecraftServer.lambda$spin$0(MinecraftServer.java:319)
[18:14:20] [Server thread/WARN]: 	at java.base/java.lang.Thread.run(Thread.java:1583)
[18:14:20] [Server thread/INFO]: [i18n-paper] Registered 0 translations.
[18:14:20] [Server thread/INFO]: [Essentials] Enabling Essentials v2.21.2
[18:14:21] [Server thread/ERROR]: [Essentials] La versione attuale del server non è supportata!
[18:14:21] [Server thread/INFO]: [Essentials] Attempting to convert old kits in config.yml to new kits.yml
[18:14:21] [Server thread/INFO]: [Essentials] No kits found to migrate.
[18:14:21] [Server thread/INFO]: [Essentials] Selected Paper Biome Key Provider as the provider for BiomeKeyProvider
[18:14:21] [Server thread/INFO]: [Essentials] Selected 1.20.5+ Banner Data Provider as the provider for BannerDataProvider
[18:14:21] [Server thread/INFO]: [Essentials] Selected 1.11+ Item Unbreakable Provider as the provider for ItemUnbreakableProvider
[18:14:21] [Server thread/INFO]: [Essentials] Selected Reflection Sync Commands Provider as the provider for SyncCommandsProvider
[18:14:21] [Server thread/INFO]: [Essentials] Selected Paper Material Tag Provider as the provider for MaterialTagProvider
[18:14:21] [Server thread/INFO]: [Essentials] Selected 1.14+ Sign Data Provider as the provider for SignDataProvider
[18:14:21] [Server thread/INFO]: [Essentials] Selected Legacy Biome Name Provider as the provider for BiomeNameProvider
[18:14:21] [Server thread/INFO]: [Essentials] Selected Paper Known Commands Provider as the provider for KnownCommandsProvider
[18:14:21] [Server thread/INFO]: [Essentials] Selected 1.12.2+ Player Locale Provider as the provider for PlayerLocaleProvider
[18:14:21] [Server thread/INFO]: [Essentials] Selected 1.8.3+ Spawner Item Provider as the provider for SpawnerItemProvider
[18:14:21] [Server thread/INFO]: [Essentials] Selected Legacy InventoryView Abstract Class ABI Provider as the provider for InventoryViewProvider
[18:14:21] [Server thread/INFO]: [Essentials] Selected 1.20.4+ Damage Event Provider as the provider for DamageEventProvider
[18:14:21] [Server thread/INFO]: [Essentials] Selected 1.9-1.20.4 Potion Meta Provider as the provider for PotionMetaProvider
[18:14:21] [Server thread/INFO]: [Essentials] Selected 1.17.1+ World Info Provider as the provider for WorldInfoProvider
[18:14:21] [Server thread/INFO]: [Essentials] Selected 1.13+ Spawn Egg Provider as the provider for SpawnEggProvider
[18:14:21] [Server thread/INFO]: [Essentials] Selected 1.12+ Spawner Block Provider as the provider for SpawnerBlockProvider
[18:14:21] [Server thread/INFO]: [Essentials] Selected Paper Container Provider as the provider for ContainerProvider
[18:14:21] [Server thread/INFO]: [Essentials] Selected Paper Serialization Provider as the provider for SerializationProvider
[18:14:21] [Server thread/INFO]: [Essentials] Selected Paper Server State Provider as the provider for ServerStateProvider
[18:14:21] [Server thread/INFO]: [Essentials] Selected Paper Tick Count Provider as the provider for TickCountProvider
[18:14:21] [Server thread/INFO]: [Essentials] Selected 1.14.4+ Persistent Data Container Provider as the provider for PersistentDataProvider
[18:14:21] [Server thread/INFO]: [Essentials] Selected Reflection Online Mode Provider as the provider for OnlineModeProvider
[18:14:21] [Server thread/INFO]: [Essentials] Selected Reflection Formatted Command Alias Provider as the provider for FormattedCommandAliasProvider
[18:14:22] [Server thread/INFO]: [Essentials] Loaded 43880 items from items.json.
[18:14:22] [Server thread/INFO]: [Essentials] Using locale it_IT
[18:14:22] [Server thread/INFO]: [Essentials] ServerListPingEvent: Spigot iterator API
[18:14:22] [Server thread/INFO]: [Essentials] Starting Metrics. Opt-out using the global bStats config.
[18:14:22] [Server thread/INFO]: [Essentials] Using superperms-based permissions.
[18:14:22] [Server thread/INFO]: [EliteMasks] Enabling EliteMasks v1.6.3
[18:14:22] [Server thread/INFO]: [NBTAPI] [NBTAPI] Found Minecraft: v1_20_R3! Trying to find NMS support
[18:14:22] [Server thread/INFO]: [NBTAPI] [NBTAPI] NMS support 'MC1_20_R3' loaded!
[18:14:22] [Server thread/INFO]: [NBTAPI] [NBTAPI] Using the plugin 'EliteMasks' to create a bStats instance!
[18:14:22] [Server thread/INFO]: [EliteMasks] [ACF] Enabled Asynchronous Tab Completion Support!
[18:14:22] [Server thread/INFO]: [EliteLootbox] Enabling EliteLootbox v2.4.5
[18:14:22] [Server thread/INFO]: [EliteLootbox] [ACF] Enabled Asynchronous Tab Completion Support!
[18:14:22] [Server thread/INFO]: [NBTAPI] [NBTAPI] Found Minecraft: v1_20_R3! Trying to find NMS support
[18:14:22] [Server thread/INFO]: [NBTAPI] [NBTAPI] NMS support 'MC1_20_R3' loaded!
[18:14:22] [Server thread/INFO]: [NBTAPI] [NBTAPI] Using the plugin 'EliteLootbox' to create a bStats instance!
[18:14:22] [Server thread/INFO]: EliteLootbox: Loaded example.yml successfully!
[18:14:22] [Server thread/INFO]: [EliteBosses] Enabling EliteBosses v1.6.1
[18:14:22] [Server thread/INFO]: [NBTAPI] [NBTAPI] Found Minecraft: v1_20_R3! Trying to find NMS support
[18:14:22] [Server thread/INFO]: [NBTAPI] [NBTAPI] NMS support 'MC1_20_R3' loaded!
[18:14:22] [Server thread/INFO]: [NBTAPI] [NBTAPI] Using the plugin 'EliteBosses' to create a bStats instance!
[18:14:22] [Server thread/INFO]: EliteBosses: Factions Support Disabled
[18:14:22] [Server thread/INFO]: EliteBosses: Skyblock Support Failed
[18:14:22] [Server thread/INFO]: [EliteBosses] [ACF] Enabled Asynchronous Tab Completion Support!
[18:14:22] [Server thread/INFO]: Running delayed init tasks
[18:14:22] [Craft Scheduler Thread - 2 - Essentials/INFO]: [Essentials] Recupero le informazioni sulla versione...
[18:14:23] [Server thread/INFO]: [MadGuards] Spawning GUARD with health: 200.0
[18:14:23] [Server thread/INFO]: [MadGuards] Spawning GUARD with health: 200.0
[18:14:23] [Server thread/INFO]: [MadGuards] [MadGuards] Guards loaded after Citizens init.
[18:14:23] [Server thread/INFO]: [Citizens] Loaded 2 NPCs.
[18:14:23] [Server thread/INFO]: Done (16.658s)! For help, type "help"
[18:14:23] [Server thread/INFO]: Timings Reset
[18:14:23] [Craft Scheduler Thread - 2 - Essentials/WARN]: [Essentials] Una nuova versione di EssentialsX è disponibile per il download: 2.22.0.
[18:14:23] [Craft Scheduler Thread - 2 - Essentials/WARN]: [Essentials] La puoi scaricare qui: https://essentialsx.net/downloads.html?branch=stable
[18:14:24] [Server thread/INFO]: EliteArmor: Loaded ancient.yml successfully!
[18:14:24] [Server thread/INFO]: EliteArmor: Loaded dragon.yml successfully!
[18:14:24] [Server thread/INFO]: EliteArmor: Loaded engineer.yml successfully!
[18:14:24] [Server thread/INFO]: EliteArmor: Loaded koth.yml successfully!
[18:14:24] [Server thread/INFO]: EliteArmor: Loaded og-phantom.yml successfully!
[18:14:24] [Server thread/INFO]: EliteArmor: Loaded phantom.yml successfully!
[18:14:24] [Server thread/INFO]: EliteArmor: Loaded ranger.yml successfully!
[18:14:24] [Server thread/INFO]: EliteArmor: Loaded rift.yml successfully!
[18:14:24] [Server thread/INFO]: EliteArmor: Loaded spectrum.yml successfully!
[18:14:24] [Server thread/INFO]: EliteArmor: Loaded supreme.yml successfully!
[18:14:24] [Server thread/INFO]: EliteArmor: Loaded traveller.yml successfully!
[18:14:24] [Server thread/INFO]: EliteArmor: Loaded yeti.yml successfully!
[18:14:24] [Server thread/INFO]: EliteArmor: Loaded yijki.yml successfully!
[18:14:26] [Server thread/INFO]: EliteArmor: Loaded 132 modifiers!
[18:14:26] [Server thread/WARN]: Can't keep up! Is the server overloaded? Running 2696ms or 53 ticks behind
[18:14:26] [Server thread/INFO]: EliteEnchantments: Factions Support Failed
[18:14:26] [Server thread/INFO]: EliteEnchantments: Skyblock Support Failed
[18:14:26] [Server thread/INFO]: [NBTAPI] [NBTAPI] Found Minecraft: v1_20_R3! Trying to find NMS support
[18:14:26] [Server thread/INFO]: [NBTAPI] [NBTAPI] NMS support 'MC1_20_R3' loaded!
[18:14:26] [Server thread/INFO]: [NBTAPI] [NBTAPI] Using the plugin 'ElitePets' to create a bStats instance!
[18:14:26] [Server thread/INFO]: ElitePets: Loaded bat.yml successfully!
[18:14:26] [Server thread/INFO]: ElitePets: Loaded chest.yml successfully!
[18:14:26] [Server thread/INFO]: ElitePets: Loaded chicken.yml successfully!
[18:14:26] [Server thread/INFO]: ElitePets: Loaded christmas-grinch.yml successfully!
[18:14:26] [Server thread/INFO]: ElitePets: Loaded cloud.yml successfully!
[18:14:26] [Server thread/INFO]: ElitePets: Loaded cow.yml successfully!
[18:14:26] [Server thread/INFO]: ElitePets: Loaded creeper.yml successfully!
[18:14:26] [Server thread/INFO]: ElitePets: Loaded dragon.yml successfully!
[18:14:26] [Server thread/INFO]: ElitePets: Loaded exp.yml successfully!
[18:14:26] [Server thread/INFO]: ElitePets: Loaded fish.yml successfully!
[18:14:26] [Server thread/INFO]: ElitePets: Loaded halloween-horse.yml successfully!
[18:14:26] [Server thread/INFO]: ElitePets: Loaded iron-golem.yml successfully!
[18:14:26] [Server thread/INFO]: ElitePets: Loaded pig.yml successfully!
[18:14:26] [Server thread/INFO]: ElitePets: Loaded sheep.yml successfully!
[18:14:26] [Server thread/INFO]: ElitePets: Loaded spider.yml successfully!
[18:14:26] [Server thread/INFO]: ElitePets: Loaded squid.yml successfully!
[18:14:26] [Server thread/INFO]: ElitePets: Loaded trick-or-treat.yml successfully!
[18:14:26] [Server thread/INFO]: ElitePets: Loaded wolf.yml successfully!
[18:14:26] [Server thread/INFO]: ElitePets: Loaded zombie.yml successfully!
[18:14:27] [Server thread/INFO]: EliteBosses: Loaded brood-mother.yml successfully!
[18:14:27] [Server thread/INFO]: EliteBosses: Loaded king-slime.yml successfully!
[18:14:27] [Server thread/INFO]: EliteBosses: Loaded plague-bloater.yml successfully!
[18:14:27] [Server thread/INFO]: EliteBosses: Loaded treasure-goblin.yml successfully!
[18:14:27] [Server thread/INFO]: EliteBosses: Loaded undead-assassin.yml successfully!
[18:14:27] [Server thread/INFO]: EliteBosses: Loaded yijki.yml successfully!
[18:14:27] [Server thread/INFO]: Successfully hooked into EliteEnchantments
[18:14:42] [Server thread/INFO]: Server Plugins (16):
[18:14:42] [Server thread/INFO]: Bukkit Plugins:
[18:14:42] [Server thread/INFO]:  - Citizens, EliteArmor, EliteBosses, EliteEnchantments, EliteLootbox, EliteMasks, ElitePets, Essentials, i18n-paper, MadGuards
[18:14:42] [Server thread/INFO]:  MythicMobs, OreRegenerator, ProtocolLib, Sentinel, SlotBot, WorldEdit
[18:16:49] [User Authenticator #0/INFO]: UUID of player HeldMango2526 is 25429b7d-64d7-4704-a120-34cfd4ddd97b
[18:16:50] [Server thread/INFO]: [MadGuards] JoinAnnounce fired for HeldMango2526
[18:16:50] [Server thread/INFO]: HeldMango2526 joined the game
[18:16:50] [Server thread/INFO]: HeldMango2526[/127.0.0.1:56462] logged in with entity id 74 at ([world]-12.942979271566772, 104.0, 11.563788903993759)
[18:16:51] [Server thread/INFO]: Environment: Environment[sessionHost=https://sessionserver.mojang.com, servicesHost=https://api.minecraftservices.com, name=PROD]
[18:17:24] [Server thread/INFO]: HeldMango2526 issued server command: /give HeldMango2526 nigh
[18:17:31] [Server thread/INFO]: HeldMango2526 issued server command: /give HeldMango2526 night_vision_potion
[18:17:52] [Server thread/INFO]: HeldMango2526 issued server command: /ec
[18:17:52] [Server thread/ERROR]: [i18n-paper] Unhandled exception occurred in onPacketSending(PacketEvent) for i18n-paper
com.comphenix.protocol.reflect.FieldAccessException: Field index 0 is out of bounds for length 0
	at com.comphenix.protocol.reflect.FieldAccessException.fromFormat(FieldAccessException.java:49) ~[ProtocolLib.jar:?]
	at com.comphenix.protocol.reflect.StructureModifier.read(StructureModifier.java:247) ~[ProtocolLib.jar:?]
	at com.comphenix.protocol.reflect.StructureModifier.modify(StructureModifier.java:349) ~[ProtocolLib.jar:?]
	at de.helixdevs.i18n.paper.protocollib.ITranslationAdapter.handleChatComponent(ITranslationAdapter.java:52) ~[i18n-paper-1.3.jar:?]
	at de.helixdevs.i18n.paper.protocollib.OpenWindowAdapter.onPacketSending(OpenWindowAdapter.java:15) ~[i18n-paper-1.3.jar:?]
	at com.comphenix.protocol.injector.collection.OutboundPacketListenerSet.invokeListener(OutboundPacketListenerSet.java:74) ~[ProtocolLib.jar:?]
	at com.comphenix.protocol.injector.collection.PacketListenerSet.lambda$invoke$0(PacketListenerSet.java:123) ~[ProtocolLib.jar:?]
	at com.comphenix.protocol.timing.TimingTracker.lambda$static$0(TimingTracker.java:7) ~[ProtocolLib.jar:?]
	at com.comphenix.protocol.injector.collection.PacketListenerSet.invoke(PacketListenerSet.java:123) ~[ProtocolLib.jar:?]
	at com.comphenix.protocol.injector.collection.OutboundPacketListenerSet.invoke(OutboundPacketListenerSet.java:30) ~[ProtocolLib.jar:?]
	at com.comphenix.protocol.injector.collection.PacketListenerSet.invoke(PacketListenerSet.java:102) ~[ProtocolLib.jar:?]
	at com.comphenix.protocol.injector.PacketFilterManager.postPacketToListeners(PacketFilterManager.java:528) ~[ProtocolLib.jar:?]
	at com.comphenix.protocol.injector.PacketFilterManager.invokeOutboundPacketListeners(PacketFilterManager.java:516) ~[ProtocolLib.jar:?]
	at com.comphenix.protocol.injector.netty.channel.NettyChannelInjector.processOutbound(NettyChannelInjector.java:528) ~[ProtocolLib.jar:?]
	at com.comphenix.protocol.injector.netty.channel.NettyEventLoopProxy.proxyRunnable(NettyEventLoopProxy.java:44) ~[ProtocolLib.jar:?]
	at com.comphenix.protocol.injector.netty.channel.NettyEventLoopProxy.execute(NettyEventLoopProxy.java:233) ~[ProtocolLib.jar:?]
	at net.minecraft.network.Connection.sendPacket(Connection.java:433) ~[?:?]
	at net.minecraft.network.Connection.send(Connection.java:393) ~[?:?]
	at net.minecraft.server.network.ServerCommonPacketListenerImpl.send(ServerCommonPacketListenerImpl.java:255) ~[paper-1.20.4.jar:git-Paper-499]
	at net.minecraft.server.network.ServerCommonPacketListenerImpl.send(ServerCommonPacketListenerImpl.java:240) ~[paper-1.20.4.jar:git-Paper-499]
	at org.bukkit.craftbukkit.v1_20_R3.entity.CraftHumanEntity.openCustomInventory(CraftHumanEntity.java:375) ~[paper-1.20.4.jar:git-Paper-499]
	at org.bukkit.craftbukkit.v1_20_R3.entity.CraftHumanEntity.openInventory(CraftHumanEntity.java:348) ~[paper-1.20.4.jar:git-Paper-499]
	at com.earth2me.essentials.commands.Commandenderchest.run(Commandenderchest.java:22) ~[EssentialsX-2.21.2.jar:?]
	at com.earth2me.essentials.commands.EssentialsCommand.run(EssentialsCommand.java:171) ~[EssentialsX-2.21.2.jar:?]
	at com.earth2me.essentials.Essentials.onCommandEssentials(Essentials.java:799) ~[EssentialsX-2.21.2.jar:?]
	at com.earth2me.essentials.Essentials.onCommand(Essentials.java:699) ~[EssentialsX-2.21.2.jar:?]
	at org.bukkit.command.PluginCommand.execute(PluginCommand.java:45) ~[paper-api-1.20.4-R0.1-SNAPSHOT.jar:?]
	at org.bukkit.command.SimpleCommandMap.dispatch(SimpleCommandMap.java:155) ~[paper-api-1.20.4-R0.1-SNAPSHOT.jar:?]
	at org.bukkit.craftbukkit.v1_20_R3.CraftServer.dispatchCommand(CraftServer.java:999) ~[paper-1.20.4.jar:git-Paper-499]
	at org.bukkit.craftbukkit.v1_20_R3.command.BukkitCommandWrapper.run(BukkitCommandWrapper.java:64) ~[paper-1.20.4.jar:git-Paper-499]
	at com.mojang.brigadier.context.ContextChain.runExecutable(ContextChain.java:73) ~[brigadier-1.2.9.jar:?]
	at net.minecraft.commands.execution.tasks.ExecuteCommand.execute(ExecuteCommand.java:31) ~[paper-1.20.4.jar:git-Paper-499]
	at net.minecraft.commands.execution.tasks.ExecuteCommand.execute(ExecuteCommand.java:19) ~[paper-1.20.4.jar:git-Paper-499]
	at net.minecraft.commands.execution.UnboundEntryAction.lambda$bind$0(UnboundEntryAction.java:8) ~[paper-1.20.4.jar:git-Paper-499]
	at net.minecraft.commands.execution.CommandQueueEntry.a(CommandQueueEntry.java:5) ~[paper-1.20.4.jar:git-Paper-499]
	at net.minecraft.commands.execution.ExecutionContext.runCommandQueue(ExecutionContext.java:103) ~[paper-1.20.4.jar:git-Paper-499]
	at net.minecraft.commands.Commands.executeCommandInContext(Commands.java:434) ~[?:?]
	at net.minecraft.commands.Commands.performCommand(Commands.java:336) ~[?:?]
	at net.minecraft.commands.Commands.performCommand(Commands.java:323) ~[?:?]
	at net.minecraft.server.network.ServerGamePacketListenerImpl.performChatCommand(ServerGamePacketListenerImpl.java:2230) ~[?:?]
	at net.minecraft.server.network.ServerGamePacketListenerImpl.lambda$handleChatCommand$14(ServerGamePacketListenerImpl.java:2190) ~[?:?]
	at net.minecraft.util.thread.BlockableEventLoop.lambda$submitAsync$0(BlockableEventLoop.java:59) ~[?:?]
	at java.util.concurrent.CompletableFuture$AsyncSupply.run(CompletableFuture.java:1768) ~[?:?]
	at net.minecraft.server.TickTask.run(TickTask.java:18) ~[paper-1.20.4.jar:git-Paper-499]
	at net.minecraft.util.thread.BlockableEventLoop.doRunTask(BlockableEventLoop.java:149) ~[?:?]
	at net.minecraft.util.thread.ReentrantBlockableEventLoop.doRunTask(ReentrantBlockableEventLoop.java:24) ~[?:?]
	at net.minecraft.server.MinecraftServer.doRunTask(MinecraftServer.java:1465) ~[paper-1.20.4.jar:git-Paper-499]
	at net.minecraft.server.MinecraftServer.d(MinecraftServer.java:194) ~[paper-1.20.4.jar:git-Paper-499]
	at net.minecraft.util.thread.BlockableEventLoop.pollTask(BlockableEventLoop.java:123) ~[?:?]
	at net.minecraft.server.MinecraftServer.pollTaskInternal(MinecraftServer.java:1442) ~[paper-1.20.4.jar:git-Paper-499]
	at net.minecraft.server.MinecraftServer.pollTask(MinecraftServer.java:1365) ~[paper-1.20.4.jar:git-Paper-499]
	at net.minecraft.util.thread.BlockableEventLoop.runAllTasks(BlockableEventLoop.java:112) ~[?:?]
	at net.minecraft.server.MinecraftServer.tickServer(MinecraftServer.java:1557) ~[paper-1.20.4.jar:git-Paper-499]
	at net.minecraft.server.MinecraftServer.runServer(MinecraftServer.java:1226) ~[paper-1.20.4.jar:git-Paper-499]
	at net.minecraft.server.MinecraftServer.lambda$spin$0(MinecraftServer.java:319) ~[paper-1.20.4.jar:git-Paper-499]
	at java.lang.Thread.run(Thread.java:1583) ~[?:?]
[18:17:52] [Server thread/ERROR]: Parameters: 
  net.minecraft.network.protocol.game.PacketPlayOutOpenWindow@700b2cd6[
    a=1
    b=net.minecraft.world.inventory.Containers@3d32e437
    c=io.papermc.paper.adventure.AdventureComponent@5583afcb
  ]

[18:18:16] [Server thread/INFO]: [Essentials] Created a User for Mad Guard (7feabd32-32ee-2375-949e-7cb6734cc889) for non Bukkit type: net.citizensnpcs.nms.v1_20_R3.entity.EntityHumanNPC$PlayerNPC
[18:18:30] [Server thread/WARN]: [org.bukkit.craftbukkit.v1_20_R3.legacy.CraftLegacy] Initializing Legacy Material Support. Unless you have legacy plugins and/or data this is a bug!
[18:18:33] [Server thread/WARN]: Can't keep up! Is the server overloaded? Running 3817ms or 76 ticks behind
[18:18:35] [Server thread/ERROR]: Could not pass event EntityTargetLivingEntityEvent to EliteEnchantments v2.3.8
java.lang.NullPointerException: Cannot invoke "org.bukkit.entity.Entity.getUniqueId()" because the return value of "org.bukkit.event.entity.EntityTargetEvent.getTarget()" is null
	at net.splodgebox.eliteenchantments.enchants.data.effects.RotDecay.onTarget(RotDecay.java:92) ~[EliteEnchantments.jar:?]
	at com.destroystokyo.paper.event.executor.asm.generated.GeneratedEventExecutor236.execute(Unknown Source) ~[?:?]
	at org.bukkit.plugin.EventExecutor$2.execute(EventExecutor.java:77) ~[paper-api-1.20.4-R0.1-SNAPSHOT.jar:?]
	at co.aikar.timings.TimedEventExecutor.execute(TimedEventExecutor.java:81) ~[paper-api-1.20.4-R0.1-SNAPSHOT.jar:git-Paper-499]
	at org.bukkit.plugin.RegisteredListener.callEvent(RegisteredListener.java:70) ~[paper-api-1.20.4-R0.1-SNAPSHOT.jar:?]
	at io.papermc.paper.plugin.manager.PaperEventManager.callEvent(PaperEventManager.java:54) ~[paper-1.20.4.jar:git-Paper-499]
	at io.papermc.paper.plugin.manager.PaperPluginManagerImpl.callEvent(PaperPluginManagerImpl.java:126) ~[paper-1.20.4.jar:git-Paper-499]
	at org.bukkit.plugin.SimplePluginManager.callEvent(SimplePluginManager.java:615) ~[paper-api-1.20.4-R0.1-SNAPSHOT.jar:?]
	at net.minecraft.world.entity.Mob.setTarget(Mob.java:315) ~[?:?]
	at net.minecraft.world.entity.ai.goal.target.TargetGoal.stop(TargetGoal.java:95) ~[?:?]
	at net.minecraft.world.entity.ai.goal.WrappedGoal.stop(WrappedGoal.java:47) ~[?:?]
	at net.minecraft.world.entity.ai.goal.GoalSelector.tick(GoalSelector.java:135) ~[?:?]
	at net.minecraft.world.entity.Mob.serverAiStep(Mob.java:923) ~[?:?]
	at net.minecraft.world.entity.LivingEntity.aiStep(LivingEntity.java:3417) ~[?:?]
	at net.minecraft.world.entity.Mob.aiStep(Mob.java:676) ~[?:?]
	at net.minecraft.world.entity.monster.Monster.aiStep(Monster.java:45) ~[?:?]
	at net.minecraft.world.entity.monster.Zombie.aiStep(Zombie.java:270) ~[?:?]
	at net.minecraft.world.entity.LivingEntity.tick(LivingEntity.java:3066) ~[?:?]
	at net.minecraft.world.entity.Mob.tick(Mob.java:438) ~[?:?]
	at net.minecraft.world.entity.monster.Zombie.tick(Zombie.java:240) ~[?:?]
	at net.minecraft.server.level.ServerLevel.tickNonPassenger(ServerLevel.java:1409) ~[?:?]
	at net.minecraft.world.level.Level.guardEntityTick(Level.java:1318) ~[?:?]
	at net.minecraft.server.level.ServerLevel.lambda$tick$8(ServerLevel.java:916) ~[?:?]
	at net.minecraft.world.level.entity.EntityTickList.forEach(EntityTickList.java:42) ~[paper-1.20.4.jar:git-Paper-499]
	at net.minecraft.server.level.ServerLevel.tick(ServerLevel.java:896) ~[?:?]
	at net.minecraft.server.MinecraftServer.tickChildren(MinecraftServer.java:1724) ~[paper-1.20.4.jar:git-Paper-499]
	at net.minecraft.server.dedicated.DedicatedServer.tickChildren(DedicatedServer.java:447) ~[paper-1.20.4.jar:git-Paper-499]
	at net.minecraft.server.MinecraftServer.tickServer(MinecraftServer.java:1525) ~[paper-1.20.4.jar:git-Paper-499]
	at net.minecraft.server.MinecraftServer.runServer(MinecraftServer.java:1226) ~[paper-1.20.4.jar:git-Paper-499]
	at net.minecraft.server.MinecraftServer.lambda$spin$0(MinecraftServer.java:319) ~[paper-1.20.4.jar:git-Paper-499]
	at java.lang.Thread.run(Thread.java:1583) ~[?:?]
[18:18:36] [Server thread/ERROR]: Could not pass event EntityTargetLivingEntityEvent to EliteEnchantments v2.3.8
java.lang.NullPointerException: Cannot invoke "org.bukkit.entity.Entity.getUniqueId()" because the return value of "org.bukkit.event.entity.EntityTargetEvent.getTarget()" is null
	at net.splodgebox.eliteenchantments.enchants.data.effects.RotDecay.onTarget(RotDecay.java:92) ~[EliteEnchantments.jar:?]
	at com.destroystokyo.paper.event.executor.asm.generated.GeneratedEventExecutor236.execute(Unknown Source) ~[?:?]
	at org.bukkit.plugin.EventExecutor$2.execute(EventExecutor.java:77) ~[paper-api-1.20.4-R0.1-SNAPSHOT.jar:?]
	at co.aikar.timings.TimedEventExecutor.execute(TimedEventExecutor.java:81) ~[paper-api-1.20.4-R0.1-SNAPSHOT.jar:git-Paper-499]
	at org.bukkit.plugin.RegisteredListener.callEvent(RegisteredListener.java:70) ~[paper-api-1.20.4-R0.1-SNAPSHOT.jar:?]
	at io.papermc.paper.plugin.manager.PaperEventManager.callEvent(PaperEventManager.java:54) ~[paper-1.20.4.jar:git-Paper-499]
	at io.papermc.paper.plugin.manager.PaperPluginManagerImpl.callEvent(PaperPluginManagerImpl.java:126) ~[paper-1.20.4.jar:git-Paper-499]
	at org.bukkit.plugin.SimplePluginManager.callEvent(SimplePluginManager.java:615) ~[paper-api-1.20.4-R0.1-SNAPSHOT.jar:?]
	at net.minecraft.world.entity.Mob.setTarget(Mob.java:315) ~[?:?]
	at net.minecraft.world.entity.ai.goal.target.TargetGoal.stop(TargetGoal.java:95) ~[?:?]
	at net.minecraft.world.entity.ai.goal.WrappedGoal.stop(WrappedGoal.java:47) ~[?:?]
	at net.minecraft.world.entity.ai.goal.GoalSelector.tick(GoalSelector.java:135) ~[?:?]
	at net.minecraft.world.entity.Mob.serverAiStep(Mob.java:923) ~[?:?]
	at net.minecraft.world.entity.LivingEntity.aiStep(LivingEntity.java:3417) ~[?:?]
	at net.minecraft.world.entity.Mob.aiStep(Mob.java:676) ~[?:?]
	at net.minecraft.world.entity.monster.Monster.aiStep(Monster.java:45) ~[?:?]
	at net.minecraft.world.entity.monster.Zombie.aiStep(Zombie.java:270) ~[?:?]
	at net.minecraft.world.entity.LivingEntity.tick(LivingEntity.java:3066) ~[?:?]
	at net.minecraft.world.entity.Mob.tick(Mob.java:438) ~[?:?]
	at net.minecraft.world.entity.monster.Zombie.tick(Zombie.java:240) ~[?:?]
	at net.minecraft.server.level.ServerLevel.tickNonPassenger(ServerLevel.java:1409) ~[?:?]
	at net.minecraft.world.level.Level.guardEntityTick(Level.java:1318) ~[?:?]
	at net.minecraft.server.level.ServerLevel.lambda$tick$8(ServerLevel.java:916) ~[?:?]
	at net.minecraft.world.level.entity.EntityTickList.forEach(EntityTickList.java:42) ~[paper-1.20.4.jar:git-Paper-499]
	at net.minecraft.server.level.ServerLevel.tick(ServerLevel.java:896) ~[?:?]
	at net.minecraft.server.MinecraftServer.tickChildren(MinecraftServer.java:1724) ~[paper-1.20.4.jar:git-Paper-499]
	at net.minecraft.server.dedicated.DedicatedServer.tickChildren(DedicatedServer.java:447) ~[paper-1.20.4.jar:git-Paper-499]
	at net.minecraft.server.MinecraftServer.tickServer(MinecraftServer.java:1525) ~[paper-1.20.4.jar:git-Paper-499]
	at net.minecraft.server.MinecraftServer.runServer(MinecraftServer.java:1226) ~[paper-1.20.4.jar:git-Paper-499]
	at net.minecraft.server.MinecraftServer.lambda$spin$0(MinecraftServer.java:319) ~[paper-1.20.4.jar:git-Paper-499]
	at java.lang.Thread.run(Thread.java:1583) ~[?:?]
[18:18:37] [Server thread/ERROR]: Could not pass event EntityTargetLivingEntityEvent to EliteEnchantments v2.3.8
java.lang.NullPointerException: Cannot invoke "org.bukkit.entity.Entity.getUniqueId()" because the return value of "org.bukkit.event.entity.EntityTargetEvent.getTarget()" is null
	at net.splodgebox.eliteenchantments.enchants.data.effects.RotDecay.onTarget(RotDecay.java:92) ~[EliteEnchantments.jar:?]
	at com.destroystokyo.paper.event.executor.asm.generated.GeneratedEventExecutor236.execute(Unknown Source) ~[?:?]
	at org.bukkit.plugin.EventExecutor$2.execute(EventExecutor.java:77) ~[paper-api-1.20.4-R0.1-SNAPSHOT.jar:?]
	at co.aikar.timings.TimedEventExecutor.execute(TimedEventExecutor.java:81) ~[paper-api-1.20.4-R0.1-SNAPSHOT.jar:git-Paper-499]
	at org.bukkit.plugin.RegisteredListener.callEvent(RegisteredListener.java:70) ~[paper-api-1.20.4-R0.1-SNAPSHOT.jar:?]
	at io.papermc.paper.plugin.manager.PaperEventManager.callEvent(PaperEventManager.java:54) ~[paper-1.20.4.jar:git-Paper-499]
	at io.papermc.paper.plugin.manager.PaperPluginManagerImpl.callEvent(PaperPluginManagerImpl.java:126) ~[paper-1.20.4.jar:git-Paper-499]
	at org.bukkit.plugin.SimplePluginManager.callEvent(SimplePluginManager.java:615) ~[paper-api-1.20.4-R0.1-SNAPSHOT.jar:?]
	at net.minecraft.world.entity.Mob.setTarget(Mob.java:315) ~[?:?]
	at net.minecraft.world.entity.ai.goal.target.TargetGoal.stop(TargetGoal.java:95) ~[?:?]
	at net.minecraft.world.entity.ai.goal.WrappedGoal.stop(WrappedGoal.java:47) ~[?:?]
	at net.minecraft.world.entity.ai.goal.GoalSelector.tick(GoalSelector.java:135) ~[?:?]
	at net.minecraft.world.entity.Mob.serverAiStep(Mob.java:923) ~[?:?]
	at net.minecraft.world.entity.LivingEntity.aiStep(LivingEntity.java:3417) ~[?:?]
	at net.minecraft.world.entity.Mob.aiStep(Mob.java:676) ~[?:?]
	at net.minecraft.world.entity.monster.Monster.aiStep(Monster.java:45) ~[?:?]
	at net.minecraft.world.entity.monster.Zombie.aiStep(Zombie.java:270) ~[?:?]
	at net.minecraft.world.entity.LivingEntity.tick(LivingEntity.java:3066) ~[?:?]
	at net.minecraft.world.entity.Mob.tick(Mob.java:438) ~[?:?]
	at net.minecraft.world.entity.monster.Zombie.tick(Zombie.java:240) ~[?:?]
	at net.minecraft.server.level.ServerLevel.tickNonPassenger(ServerLevel.java:1409) ~[?:?]
	at net.minecraft.world.level.Level.guardEntityTick(Level.java:1318) ~[?:?]
	at net.minecraft.server.level.ServerLevel.lambda$tick$8(ServerLevel.java:916) ~[?:?]
	at net.minecraft.world.level.entity.EntityTickList.forEach(EntityTickList.java:42) ~[paper-1.20.4.jar:git-Paper-499]
	at net.minecraft.server.level.ServerLevel.tick(ServerLevel.java:896) ~[?:?]
	at net.minecraft.server.MinecraftServer.tickChildren(MinecraftServer.java:1724) ~[paper-1.20.4.jar:git-Paper-499]
	at net.minecraft.server.dedicated.DedicatedServer.tickChildren(DedicatedServer.java:447) ~[paper-1.20.4.jar:git-Paper-499]
	at net.minecraft.server.MinecraftServer.tickServer(MinecraftServer.java:1525) ~[paper-1.20.4.jar:git-Paper-499]
	at net.minecraft.server.MinecraftServer.runServer(MinecraftServer.java:1226) ~[paper-1.20.4.jar:git-Paper-499]
	at net.minecraft.server.MinecraftServer.lambda$spin$0(MinecraftServer.java:319) ~[paper-1.20.4.jar:git-Paper-499]
	at java.lang.Thread.run(Thread.java:1583) ~[?:?]
[18:18:37] [Server thread/ERROR]: Could not pass event EntityTargetLivingEntityEvent to EliteEnchantments v2.3.8
java.lang.NullPointerException: Cannot invoke "org.bukkit.entity.Entity.getUniqueId()" because the return value of "org.bukkit.event.entity.EntityTargetEvent.getTarget()" is null
	at net.splodgebox.eliteenchantments.enchants.data.effects.RotDecay.onTarget(RotDecay.java:92) ~[EliteEnchantments.jar:?]
	at com.destroystokyo.paper.event.executor.asm.generated.GeneratedEventExecutor236.execute(Unknown Source) ~[?:?]
	at org.bukkit.plugin.EventExecutor$2.execute(EventExecutor.java:77) ~[paper-api-1.20.4-R0.1-SNAPSHOT.jar:?]
	at co.aikar.timings.TimedEventExecutor.execute(TimedEventExecutor.java:81) ~[paper-api-1.20.4-R0.1-SNAPSHOT.jar:git-Paper-499]
	at org.bukkit.plugin.RegisteredListener.callEvent(RegisteredListener.java:70) ~[paper-api-1.20.4-R0.1-SNAPSHOT.jar:?]
	at io.papermc.paper.plugin.manager.PaperEventManager.callEvent(PaperEventManager.java:54) ~[paper-1.20.4.jar:git-Paper-499]
	at io.papermc.paper.plugin.manager.PaperPluginManagerImpl.callEvent(PaperPluginManagerImpl.java:126) ~[paper-1.20.4.jar:git-Paper-499]
	at org.bukkit.plugin.SimplePluginManager.callEvent(SimplePluginManager.java:615) ~[paper-api-1.20.4-R0.1-SNAPSHOT.jar:?]
	at net.minecraft.world.entity.Mob.setTarget(Mob.java:315) ~[?:?]
	at net.minecraft.world.entity.ai.goal.target.TargetGoal.stop(TargetGoal.java:95) ~[?:?]
	at net.minecraft.world.entity.ai.goal.WrappedGoal.stop(WrappedGoal.java:47) ~[?:?]
	at net.minecraft.world.entity.ai.goal.GoalSelector.tick(GoalSelector.java:135) ~[?:?]
	at net.minecraft.world.entity.Mob.serverAiStep(Mob.java:923) ~[?:?]
	at net.minecraft.world.entity.LivingEntity.aiStep(LivingEntity.java:3417) ~[?:?]
	at net.minecraft.world.entity.Mob.aiStep(Mob.java:676) ~[?:?]
	at net.minecraft.world.entity.monster.Monster.aiStep(Monster.java:45) ~[?:?]
	at net.minecraft.world.entity.monster.Zombie.aiStep(Zombie.java:270) ~[?:?]
	at net.minecraft.world.entity.LivingEntity.tick(LivingEntity.java:3066) ~[?:?]
	at net.minecraft.world.entity.Mob.tick(Mob.java:438) ~[?:?]
	at net.minecraft.world.entity.monster.Zombie.tick(Zombie.java:240) ~[?:?]
	at net.minecraft.server.level.ServerLevel.tickNonPassenger(ServerLevel.java:1409) ~[?:?]
	at net.minecraft.world.level.Level.guardEntityTick(Level.java:1318) ~[?:?]
	at net.minecraft.server.level.ServerLevel.lambda$tick$8(ServerLevel.java:916) ~[?:?]
	at net.minecraft.world.level.entity.EntityTickList.forEach(EntityTickList.java:42) ~[paper-1.20.4.jar:git-Paper-499]
	at net.minecraft.server.level.ServerLevel.tick(ServerLevel.java:896) ~[?:?]
	at net.minecraft.server.MinecraftServer.tickChildren(MinecraftServer.java:1724) ~[paper-1.20.4.jar:git-Paper-499]
	at net.minecraft.server.dedicated.DedicatedServer.tickChildren(DedicatedServer.java:447) ~[paper-1.20.4.jar:git-Paper-499]
	at net.minecraft.server.MinecraftServer.tickServer(MinecraftServer.java:1525) ~[paper-1.20.4.jar:git-Paper-499]
	at net.minecraft.server.MinecraftServer.runServer(MinecraftServer.java:1226) ~[paper-1.20.4.jar:git-Paper-499]
	at net.minecraft.server.MinecraftServer.lambda$spin$0(MinecraftServer.java:319) ~[paper-1.20.4.jar:git-Paper-499]
	at java.lang.Thread.run(Thread.java:1583) ~[?:?]
[18:18:37] [Server thread/ERROR]: Could not pass event EntityTargetLivingEntityEvent to EliteEnchantments v2.3.8
java.lang.NullPointerException: Cannot invoke "org.bukkit.entity.Entity.getUniqueId()" because the return value of "org.bukkit.event.entity.EntityTargetEvent.getTarget()" is null
	at net.splodgebox.eliteenchantments.enchants.data.effects.RotDecay.onTarget(RotDecay.java:92) ~[EliteEnchantments.jar:?]
	at com.destroystokyo.paper.event.executor.asm.generated.GeneratedEventExecutor236.execute(Unknown Source) ~[?:?]
	at org.bukkit.plugin.EventExecutor$2.execute(EventExecutor.java:77) ~[paper-api-1.20.4-R0.1-SNAPSHOT.jar:?]
	at co.aikar.timings.TimedEventExecutor.execute(TimedEventExecutor.java:81) ~[paper-api-1.20.4-R0.1-SNAPSHOT.jar:git-Paper-499]
	at org.bukkit.plugin.RegisteredListener.callEvent(RegisteredListener.java:70) ~[paper-api-1.20.4-R0.1-SNAPSHOT.jar:?]
	at io.papermc.paper.plugin.manager.PaperEventManager.callEvent(PaperEventManager.java:54) ~[paper-1.20.4.jar:git-Paper-499]
	at io.papermc.paper.plugin.manager.PaperPluginManagerImpl.callEvent(PaperPluginManagerImpl.java:126) ~[paper-1.20.4.jar:git-Paper-499]
	at org.bukkit.plugin.SimplePluginManager.callEvent(SimplePluginManager.java:615) ~[paper-api-1.20.4-R0.1-SNAPSHOT.jar:?]
	at net.minecraft.world.entity.Mob.setTarget(Mob.java:315) ~[?:?]
	at net.minecraft.world.entity.ai.goal.target.TargetGoal.stop(TargetGoal.java:95) ~[?:?]
	at net.minecraft.world.entity.ai.goal.WrappedGoal.stop(WrappedGoal.java:47) ~[?:?]
	at net.minecraft.world.entity.ai.goal.GoalSelector.tick(GoalSelector.java:135) ~[?:?]
	at net.minecraft.world.entity.Mob.serverAiStep(Mob.java:923) ~[?:?]
	at net.minecraft.world.entity.LivingEntity.aiStep(LivingEntity.java:3417) ~[?:?]
	at net.minecraft.world.entity.Mob.aiStep(Mob.java:676) ~[?:?]
	at net.minecraft.world.entity.monster.Monster.aiStep(Monster.java:45) ~[?:?]
	at net.minecraft.world.entity.monster.Zombie.aiStep(Zombie.java:270) ~[?:?]
	at net.minecraft.world.entity.LivingEntity.tick(LivingEntity.java:3066) ~[?:?]
	at net.minecraft.world.entity.Mob.tick(Mob.java:438) ~[?:?]
	at net.minecraft.world.entity.monster.Zombie.tick(Zombie.java:240) ~[?:?]
	at net.minecraft.server.level.ServerLevel.tickNonPassenger(ServerLevel.java:1409) ~[?:?]
	at net.minecraft.world.level.Level.guardEntityTick(Level.java:1318) ~[?:?]
	at net.minecraft.server.level.ServerLevel.lambda$tick$8(ServerLevel.java:916) ~[?:?]
	at net.minecraft.world.level.entity.EntityTickList.forEach(EntityTickList.java:42) ~[paper-1.20.4.jar:git-Paper-499]
	at net.minecraft.server.level.ServerLevel.tick(ServerLevel.java:896) ~[?:?]
	at net.minecraft.server.MinecraftServer.tickChildren(MinecraftServer.java:1724) ~[paper-1.20.4.jar:git-Paper-499]
	at net.minecraft.server.dedicated.DedicatedServer.tickChildren(DedicatedServer.java:447) ~[paper-1.20.4.jar:git-Paper-499]
	at net.minecraft.server.MinecraftServer.tickServer(MinecraftServer.java:1525) ~[paper-1.20.4.jar:git-Paper-499]
	at net.minecraft.server.MinecraftServer.runServer(MinecraftServer.java:1226) ~[paper-1.20.4.jar:git-Paper-499]
	at net.minecraft.server.MinecraftServer.lambda$spin$0(MinecraftServer.java:319) ~[paper-1.20.4.jar:git-Paper-499]
	at java.lang.Thread.run(Thread.java:1583) ~[?:?]
[18:18:38] [Server thread/ERROR]: Could not pass event EntityTargetLivingEntityEvent to EliteEnchantments v2.3.8
java.lang.NullPointerException: Cannot invoke "org.bukkit.entity.Entity.getUniqueId()" because the return value of "org.bukkit.event.entity.EntityTargetEvent.getTarget()" is null
	at net.splodgebox.eliteenchantments.enchants.data.effects.RotDecay.onTarget(RotDecay.java:92) ~[EliteEnchantments.jar:?]
	at com.destroystokyo.paper.event.executor.asm.generated.GeneratedEventExecutor236.execute(Unknown Source) ~[?:?]
	at org.bukkit.plugin.EventExecutor$2.execute(EventExecutor.java:77) ~[paper-api-1.20.4-R0.1-SNAPSHOT.jar:?]
	at co.aikar.timings.TimedEventExecutor.execute(TimedEventExecutor.java:81) ~[paper-api-1.20.4-R0.1-SNAPSHOT.jar:git-Paper-499]
	at org.bukkit.plugin.RegisteredListener.callEvent(RegisteredListener.java:70) ~[paper-api-1.20.4-R0.1-SNAPSHOT.jar:?]
	at io.papermc.paper.plugin.manager.PaperEventManager.callEvent(PaperEventManager.java:54) ~[paper-1.20.4.jar:git-Paper-499]
	at io.papermc.paper.plugin.manager.PaperPluginManagerImpl.callEvent(PaperPluginManagerImpl.java:126) ~[paper-1.20.4.jar:git-Paper-499]
	at org.bukkit.plugin.SimplePluginManager.callEvent(SimplePluginManager.java:615) ~[paper-api-1.20.4-R0.1-SNAPSHOT.jar:?]
	at net.minecraft.world.entity.Mob.setTarget(Mob.java:315) ~[?:?]
	at net.minecraft.world.entity.ai.goal.target.TargetGoal.stop(TargetGoal.java:95) ~[?:?]
	at net.minecraft.world.entity.ai.goal.WrappedGoal.stop(WrappedGoal.java:47) ~[?:?]
	at net.minecraft.world.entity.ai.goal.GoalSelector.tick(GoalSelector.java:135) ~[?:?]
	at net.minecraft.world.entity.Mob.serverAiStep(Mob.java:923) ~[?:?]
	at net.minecraft.world.entity.LivingEntity.aiStep(LivingEntity.java:3417) ~[?:?]
	at net.minecraft.world.entity.Mob.aiStep(Mob.java:676) ~[?:?]
	at net.minecraft.world.entity.monster.Monster.aiStep(Monster.java:45) ~[?:?]
	at net.minecraft.world.entity.monster.Zombie.aiStep(Zombie.java:270) ~[?:?]
	at net.minecraft.world.entity.LivingEntity.tick(LivingEntity.java:3066) ~[?:?]
	at net.minecraft.world.entity.Mob.tick(Mob.java:438) ~[?:?]
	at net.minecraft.world.entity.monster.Zombie.tick(Zombie.java:240) ~[?:?]
	at net.minecraft.server.level.ServerLevel.tickNonPassenger(ServerLevel.java:1409) ~[?:?]
	at net.minecraft.world.level.Level.guardEntityTick(Level.java:1318) ~[?:?]
	at net.minecraft.server.level.ServerLevel.lambda$tick$8(ServerLevel.java:916) ~[?:?]
	at net.minecraft.world.level.entity.EntityTickList.forEach(EntityTickList.java:42) ~[paper-1.20.4.jar:git-Paper-499]
	at net.minecraft.server.level.ServerLevel.tick(ServerLevel.java:896) ~[?:?]
	at net.minecraft.server.MinecraftServer.tickChildren(MinecraftServer.java:1724) ~[paper-1.20.4.jar:git-Paper-499]
	at net.minecraft.server.dedicated.DedicatedServer.tickChildren(DedicatedServer.java:447) ~[paper-1.20.4.jar:git-Paper-499]
	at net.minecraft.server.MinecraftServer.tickServer(MinecraftServer.java:1525) ~[paper-1.20.4.jar:git-Paper-499]
	at net.minecraft.server.MinecraftServer.runServer(MinecraftServer.java:1226) ~[paper-1.20.4.jar:git-Paper-499]
	at net.minecraft.server.MinecraftServer.lambda$spin$0(MinecraftServer.java:319) ~[paper-1.20.4.jar:git-Paper-499]
	at java.lang.Thread.run(Thread.java:1583) ~[?:?]
[18:18:38] [Server thread/ERROR]: Could not pass event EntityTargetLivingEntityEvent to EliteEnchantments v2.3.8
java.lang.NullPointerException: Cannot invoke "org.bukkit.entity.Entity.getUniqueId()" because the return value of "org.bukkit.event.entity.EntityTargetEvent.getTarget()" is null
	at net.splodgebox.eliteenchantments.enchants.data.effects.RotDecay.onTarget(RotDecay.java:92) ~[EliteEnchantments.jar:?]
	at com.destroystokyo.paper.event.executor.asm.generated.GeneratedEventExecutor236.execute(Unknown Source) ~[?:?]
	at org.bukkit.plugin.EventExecutor$2.execute(EventExecutor.java:77) ~[paper-api-1.20.4-R0.1-SNAPSHOT.jar:?]
	at co.aikar.timings.TimedEventExecutor.execute(TimedEventExecutor.java:81) ~[paper-api-1.20.4-R0.1-SNAPSHOT.jar:git-Paper-499]
	at org.bukkit.plugin.RegisteredListener.callEvent(RegisteredListener.java:70) ~[paper-api-1.20.4-R0.1-SNAPSHOT.jar:?]
	at io.papermc.paper.plugin.manager.PaperEventManager.callEvent(PaperEventManager.java:54) ~[paper-1.20.4.jar:git-Paper-499]
	at io.papermc.paper.plugin.manager.PaperPluginManagerImpl.callEvent(PaperPluginManagerImpl.java:126) ~[paper-1.20.4.jar:git-Paper-499]
	at org.bukkit.plugin.SimplePluginManager.callEvent(SimplePluginManager.java:615) ~[paper-api-1.20.4-R0.1-SNAPSHOT.jar:?]
	at net.minecraft.world.entity.Mob.setTarget(Mob.java:315) ~[?:?]
	at net.minecraft.world.entity.ai.goal.target.TargetGoal.stop(TargetGoal.java:95) ~[?:?]
	at net.minecraft.world.entity.ai.goal.WrappedGoal.stop(WrappedGoal.java:47) ~[?:?]
	at net.minecraft.world.entity.ai.goal.GoalSelector.tick(GoalSelector.java:135) ~[?:?]
	at net.minecraft.world.entity.Mob.serverAiStep(Mob.java:923) ~[?:?]
	at net.minecraft.world.entity.LivingEntity.aiStep(LivingEntity.java:3417) ~[?:?]
	at net.minecraft.world.entity.Mob.aiStep(Mob.java:676) ~[?:?]
	at net.minecraft.world.entity.monster.Monster.aiStep(Monster.java:45) ~[?:?]
	at net.minecraft.world.entity.monster.Zombie.aiStep(Zombie.java:270) ~[?:?]
	at net.minecraft.world.entity.LivingEntity.tick(LivingEntity.java:3066) ~[?:?]
	at net.minecraft.world.entity.Mob.tick(Mob.java:438) ~[?:?]
	at net.minecraft.world.entity.monster.Zombie.tick(Zombie.java:240) ~[?:?]
	at net.minecraft.server.level.ServerLevel.tickNonPassenger(ServerLevel.java:1409) ~[?:?]
	at net.minecraft.world.level.Level.guardEntityTick(Level.java:1318) ~[?:?]
	at net.minecraft.server.level.ServerLevel.lambda$tick$8(ServerLevel.java:916) ~[?:?]
	at net.minecraft.world.level.entity.EntityTickList.forEach(EntityTickList.java:42) ~[paper-1.20.4.jar:git-Paper-499]
	at net.minecraft.server.level.ServerLevel.tick(ServerLevel.java:896) ~[?:?]
	at net.minecraft.server.MinecraftServer.tickChildren(MinecraftServer.java:1724) ~[paper-1.20.4.jar:git-Paper-499]
	at net.minecraft.server.dedicated.DedicatedServer.tickChildren(DedicatedServer.java:447) ~[paper-1.20.4.jar:git-Paper-499]
	at net.minecraft.server.MinecraftServer.tickServer(MinecraftServer.java:1525) ~[paper-1.20.4.jar:git-Paper-499]
	at net.minecraft.server.MinecraftServer.runServer(MinecraftServer.java:1226) ~[paper-1.20.4.jar:git-Paper-499]
	at net.minecraft.server.MinecraftServer.lambda$spin$0(MinecraftServer.java:319) ~[paper-1.20.4.jar:git-Paper-499]
	at java.lang.Thread.run(Thread.java:1583) ~[?:?]
[18:19:05] [Server thread/WARN]: Can't keep up! Is the server overloaded? Running 3988ms or 79 ticks behind
[18:19:10] [Server thread/ERROR]: Could not pass event EntityTargetLivingEntityEvent to EliteEnchantments v2.3.8
java.lang.NullPointerException: Cannot invoke "org.bukkit.entity.Entity.getUniqueId()" because the return value of "org.bukkit.event.entity.EntityTargetEvent.getTarget()" is null
	at net.splodgebox.eliteenchantments.enchants.data.effects.RotDecay.onTarget(RotDecay.java:92) ~[EliteEnchantments.jar:?]
	at com.destroystokyo.paper.event.executor.asm.generated.GeneratedEventExecutor236.execute(Unknown Source) ~[?:?]
	at org.bukkit.plugin.EventExecutor$2.execute(EventExecutor.java:77) ~[paper-api-1.20.4-R0.1-SNAPSHOT.jar:?]
	at co.aikar.timings.TimedEventExecutor.execute(TimedEventExecutor.java:81) ~[paper-api-1.20.4-R0.1-SNAPSHOT.jar:git-Paper-499]
	at org.bukkit.plugin.RegisteredListener.callEvent(RegisteredListener.java:70) ~[paper-api-1.20.4-R0.1-SNAPSHOT.jar:?]
	at io.papermc.paper.plugin.manager.PaperEventManager.callEvent(PaperEventManager.java:54) ~[paper-1.20.4.jar:git-Paper-499]
	at io.papermc.paper.plugin.manager.PaperPluginManagerImpl.callEvent(PaperPluginManagerImpl.java:126) ~[paper-1.20.4.jar:git-Paper-499]
	at org.bukkit.plugin.SimplePluginManager.callEvent(SimplePluginManager.java:615) ~[paper-api-1.20.4-R0.1-SNAPSHOT.jar:?]
	at net.minecraft.world.entity.Mob.setTarget(Mob.java:315) ~[?:?]
	at net.minecraft.world.entity.ai.goal.target.TargetGoal.stop(TargetGoal.java:95) ~[?:?]
	at net.minecraft.world.entity.ai.goal.WrappedGoal.stop(WrappedGoal.java:47) ~[?:?]
	at net.minecraft.world.entity.ai.goal.GoalSelector.tick(GoalSelector.java:135) ~[?:?]
	at net.minecraft.world.entity.Mob.serverAiStep(Mob.java:923) ~[?:?]
	at net.minecraft.world.entity.LivingEntity.aiStep(LivingEntity.java:3417) ~[?:?]
	at net.minecraft.world.entity.Mob.aiStep(Mob.java:676) ~[?:?]
	at net.minecraft.world.entity.monster.Monster.aiStep(Monster.java:45) ~[?:?]
	at net.minecraft.world.entity.monster.Zombie.aiStep(Zombie.java:270) ~[?:?]
	at net.minecraft.world.entity.LivingEntity.tick(LivingEntity.java:3066) ~[?:?]
	at net.minecraft.world.entity.Mob.tick(Mob.java:438) ~[?:?]
	at net.minecraft.world.entity.monster.Zombie.tick(Zombie.java:240) ~[?:?]
	at net.minecraft.server.level.ServerLevel.tickNonPassenger(ServerLevel.java:1409) ~[?:?]
	at net.minecraft.world.level.Level.guardEntityTick(Level.java:1318) ~[?:?]
	at net.minecraft.server.level.ServerLevel.lambda$tick$8(ServerLevel.java:916) ~[?:?]
	at net.minecraft.world.level.entity.EntityTickList.forEach(EntityTickList.java:42) ~[paper-1.20.4.jar:git-Paper-499]
	at net.minecraft.server.level.ServerLevel.tick(ServerLevel.java:896) ~[?:?]
	at net.minecraft.server.MinecraftServer.tickChildren(MinecraftServer.java:1724) ~[paper-1.20.4.jar:git-Paper-499]
	at net.minecraft.server.dedicated.DedicatedServer.tickChildren(DedicatedServer.java:447) ~[paper-1.20.4.jar:git-Paper-499]
	at net.minecraft.server.MinecraftServer.tickServer(MinecraftServer.java:1525) ~[paper-1.20.4.jar:git-Paper-499]
	at net.minecraft.server.MinecraftServer.runServer(MinecraftServer.java:1226) ~[paper-1.20.4.jar:git-Paper-499]
	at net.minecraft.server.MinecraftServer.lambda$spin$0(MinecraftServer.java:319) ~[paper-1.20.4.jar:git-Paper-499]
	at java.lang.Thread.run(Thread.java:1583) ~[?:?]
[18:19:11] [Server thread/ERROR]: Could not pass event EntityTargetLivingEntityEvent to EliteEnchantments v2.3.8
java.lang.NullPointerException: Cannot invoke "org.bukkit.entity.Entity.getUniqueId()" because the return value of "org.bukkit.event.entity.EntityTargetEvent.getTarget()" is null
	at net.splodgebox.eliteenchantments.enchants.data.effects.RotDecay.onTarget(RotDecay.java:92) ~[EliteEnchantments.jar:?]
	at com.destroystokyo.paper.event.executor.asm.generated.GeneratedEventExecutor236.execute(Unknown Source) ~[?:?]
	at org.bukkit.plugin.EventExecutor$2.execute(EventExecutor.java:77) ~[paper-api-1.20.4-R0.1-SNAPSHOT.jar:?]
	at co.aikar.timings.TimedEventExecutor.execute(TimedEventExecutor.java:81) ~[paper-api-1.20.4-R0.1-SNAPSHOT.jar:git-Paper-499]
	at org.bukkit.plugin.RegisteredListener.callEvent(RegisteredListener.java:70) ~[paper-api-1.20.4-R0.1-SNAPSHOT.jar:?]
	at io.papermc.paper.plugin.manager.PaperEventManager.callEvent(PaperEventManager.java:54) ~[paper-1.20.4.jar:git-Paper-499]
	at io.papermc.paper.plugin.manager.PaperPluginManagerImpl.callEvent(PaperPluginManagerImpl.java:126) ~[paper-1.20.4.jar:git-Paper-499]
	at org.bukkit.plugin.SimplePluginManager.callEvent(SimplePluginManager.java:615) ~[paper-api-1.20.4-R0.1-SNAPSHOT.jar:?]
	at net.minecraft.world.entity.Mob.setTarget(Mob.java:315) ~[?:?]
	at net.minecraft.world.entity.ai.goal.target.TargetGoal.stop(TargetGoal.java:95) ~[?:?]
	at net.minecraft.world.entity.ai.goal.WrappedGoal.stop(WrappedGoal.java:47) ~[?:?]
	at net.minecraft.world.entity.ai.goal.GoalSelector.tick(GoalSelector.java:135) ~[?:?]
	at net.minecraft.world.entity.Mob.serverAiStep(Mob.java:923) ~[?:?]
	at net.minecraft.world.entity.LivingEntity.aiStep(LivingEntity.java:3417) ~[?:?]
	at net.minecraft.world.entity.Mob.aiStep(Mob.java:676) ~[?:?]
	at net.minecraft.world.entity.monster.Monster.aiStep(Monster.java:45) ~[?:?]
	at net.minecraft.world.entity.monster.Zombie.aiStep(Zombie.java:270) ~[?:?]
	at net.minecraft.world.entity.LivingEntity.tick(LivingEntity.java:3066) ~[?:?]
	at net.minecraft.world.entity.Mob.tick(Mob.java:438) ~[?:?]
	at net.minecraft.world.entity.monster.Zombie.tick(Zombie.java:240) ~[?:?]
	at net.minecraft.server.level.ServerLevel.tickNonPassenger(ServerLevel.java:1409) ~[?:?]
	at net.minecraft.world.level.Level.guardEntityTick(Level.java:1318) ~[?:?]
	at net.minecraft.server.level.ServerLevel.lambda$tick$8(ServerLevel.java:916) ~[?:?]
	at net.minecraft.world.level.entity.EntityTickList.forEach(EntityTickList.java:42) ~[paper-1.20.4.jar:git-Paper-499]
	at net.minecraft.server.level.ServerLevel.tick(ServerLevel.java:896) ~[?:?]
	at net.minecraft.server.MinecraftServer.tickChildren(MinecraftServer.java:1724) ~[paper-1.20.4.jar:git-Paper-499]
	at net.minecraft.server.dedicated.DedicatedServer.tickChildren(DedicatedServer.java:447) ~[paper-1.20.4.jar:git-Paper-499]
	at net.minecraft.server.MinecraftServer.tickServer(MinecraftServer.java:1525) ~[paper-1.20.4.jar:git-Paper-499]
	at net.minecraft.server.MinecraftServer.runServer(MinecraftServer.java:1226) ~[paper-1.20.4.jar:git-Paper-499]
	at net.minecraft.server.MinecraftServer.lambda$spin$0(MinecraftServer.java:319) ~[paper-1.20.4.jar:git-Paper-499]
	at java.lang.Thread.run(Thread.java:1583) ~[?:?]
[18:19:11] [Server thread/ERROR]: Could not pass event EntityTargetLivingEntityEvent to EliteEnchantments v2.3.8
java.lang.NullPointerException: Cannot invoke "org.bukkit.entity.Entity.getUniqueId()" because the return value of "org.bukkit.event.entity.EntityTargetEvent.getTarget()" is null
	at net.splodgebox.eliteenchantments.enchants.data.effects.RotDecay.onTarget(RotDecay.java:92) ~[EliteEnchantments.jar:?]
	at com.destroystokyo.paper.event.executor.asm.generated.GeneratedEventExecutor236.execute(Unknown Source) ~[?:?]
	at org.bukkit.plugin.EventExecutor$2.execute(EventExecutor.java:77) ~[paper-api-1.20.4-R0.1-SNAPSHOT.jar:?]
	at co.aikar.timings.TimedEventExecutor.execute(TimedEventExecutor.java:81) ~[paper-api-1.20.4-R0.1-SNAPSHOT.jar:git-Paper-499]
	at org.bukkit.plugin.RegisteredListener.callEvent(RegisteredListener.java:70) ~[paper-api-1.20.4-R0.1-SNAPSHOT.jar:?]
	at io.papermc.paper.plugin.manager.PaperEventManager.callEvent(PaperEventManager.java:54) ~[paper-1.20.4.jar:git-Paper-499]
	at io.papermc.paper.plugin.manager.PaperPluginManagerImpl.callEvent(PaperPluginManagerImpl.java:126) ~[paper-1.20.4.jar:git-Paper-499]
	at org.bukkit.plugin.SimplePluginManager.callEvent(SimplePluginManager.java:615) ~[paper-api-1.20.4-R0.1-SNAPSHOT.jar:?]
	at net.minecraft.world.entity.Mob.setTarget(Mob.java:315) ~[?:?]
	at net.minecraft.world.entity.ai.goal.target.TargetGoal.stop(TargetGoal.java:95) ~[?:?]
	at net.minecraft.world.entity.ai.goal.WrappedGoal.stop(WrappedGoal.java:47) ~[?:?]
	at net.minecraft.world.entity.ai.goal.GoalSelector.tick(GoalSelector.java:135) ~[?:?]
	at net.minecraft.world.entity.Mob.serverAiStep(Mob.java:923) ~[?:?]
	at net.minecraft.world.entity.LivingEntity.aiStep(LivingEntity.java:3417) ~[?:?]
	at net.minecraft.world.entity.Mob.aiStep(Mob.java:676) ~[?:?]
	at net.minecraft.world.entity.monster.Monster.aiStep(Monster.java:45) ~[?:?]
	at net.minecraft.world.entity.monster.Zombie.aiStep(Zombie.java:270) ~[?:?]
	at net.minecraft.world.entity.LivingEntity.tick(LivingEntity.java:3066) ~[?:?]
	at net.minecraft.world.entity.Mob.tick(Mob.java:438) ~[?:?]
	at net.minecraft.world.entity.monster.Zombie.tick(Zombie.java:240) ~[?:?]
	at net.minecraft.server.level.ServerLevel.tickNonPassenger(ServerLevel.java:1409) ~[?:?]
	at net.minecraft.world.level.Level.guardEntityTick(Level.java:1318) ~[?:?]
	at net.minecraft.server.level.ServerLevel.lambda$tick$8(ServerLevel.java:916) ~[?:?]
	at net.minecraft.world.level.entity.EntityTickList.forEach(EntityTickList.java:42) ~[paper-1.20.4.jar:git-Paper-499]
	at net.minecraft.server.level.ServerLevel.tick(ServerLevel.java:896) ~[?:?]
	at net.minecraft.server.MinecraftServer.tickChildren(MinecraftServer.java:1724) ~[paper-1.20.4.jar:git-Paper-499]
	at net.minecraft.server.dedicated.DedicatedServer.tickChildren(DedicatedServer.java:447) ~[paper-1.20.4.jar:git-Paper-499]
	at net.minecraft.server.MinecraftServer.tickServer(MinecraftServer.java:1525) ~[paper-1.20.4.jar:git-Paper-499]
	at net.minecraft.server.MinecraftServer.runServer(MinecraftServer.java:1226) ~[paper-1.20.4.jar:git-Paper-499]
	at net.minecraft.server.MinecraftServer.lambda$spin$0(MinecraftServer.java:319) ~[paper-1.20.4.jar:git-Paper-499]
	at java.lang.Thread.run(Thread.java:1583) ~[?:?]
[18:19:13] [Server thread/ERROR]: Could not pass event EntityTargetLivingEntityEvent to EliteEnchantments v2.3.8
java.lang.NullPointerException: Cannot invoke "org.bukkit.entity.Entity.getUniqueId()" because the return value of "org.bukkit.event.entity.EntityTargetEvent.getTarget()" is null
	at net.splodgebox.eliteenchantments.enchants.data.effects.RotDecay.onTarget(RotDecay.java:92) ~[EliteEnchantments.jar:?]
	at com.destroystokyo.paper.event.executor.asm.generated.GeneratedEventExecutor236.execute(Unknown Source) ~[?:?]
	at org.bukkit.plugin.EventExecutor$2.execute(EventExecutor.java:77) ~[paper-api-1.20.4-R0.1-SNAPSHOT.jar:?]
	at co.aikar.timings.TimedEventExecutor.execute(TimedEventExecutor.java:81) ~[paper-api-1.20.4-R0.1-SNAPSHOT.jar:git-Paper-499]
	at org.bukkit.plugin.RegisteredListener.callEvent(RegisteredListener.java:70) ~[paper-api-1.20.4-R0.1-SNAPSHOT.jar:?]
	at io.papermc.paper.plugin.manager.PaperEventManager.callEvent(PaperEventManager.java:54) ~[paper-1.20.4.jar:git-Paper-499]
	at io.papermc.paper.plugin.manager.PaperPluginManagerImpl.callEvent(PaperPluginManagerImpl.java:126) ~[paper-1.20.4.jar:git-Paper-499]
	at org.bukkit.plugin.SimplePluginManager.callEvent(SimplePluginManager.java:615) ~[paper-api-1.20.4-R0.1-SNAPSHOT.jar:?]
	at net.minecraft.world.entity.Mob.setTarget(Mob.java:315) ~[?:?]
	at net.minecraft.world.entity.ai.goal.target.TargetGoal.stop(TargetGoal.java:95) ~[?:?]
	at net.minecraft.world.entity.ai.goal.WrappedGoal.stop(WrappedGoal.java:47) ~[?:?]
	at net.minecraft.world.entity.ai.goal.GoalSelector.tick(GoalSelector.java:135) ~[?:?]
	at net.minecraft.world.entity.Mob.serverAiStep(Mob.java:923) ~[?:?]
	at net.minecraft.world.entity.LivingEntity.aiStep(LivingEntity.java:3417) ~[?:?]
	at net.minecraft.world.entity.Mob.aiStep(Mob.java:676) ~[?:?]
	at net.minecraft.world.entity.monster.Monster.aiStep(Monster.java:45) ~[?:?]
	at net.minecraft.world.entity.monster.Zombie.aiStep(Zombie.java:270) ~[?:?]
	at net.minecraft.world.entity.LivingEntity.tick(LivingEntity.java:3066) ~[?:?]
	at net.minecraft.world.entity.Mob.tick(Mob.java:438) ~[?:?]
	at net.minecraft.world.entity.monster.Zombie.tick(Zombie.java:240) ~[?:?]
	at net.minecraft.server.level.ServerLevel.tickNonPassenger(ServerLevel.java:1409) ~[?:?]
	at net.minecraft.world.level.Level.guardEntityTick(Level.java:1318) ~[?:?]
	at net.minecraft.server.level.ServerLevel.lambda$tick$8(ServerLevel.java:916) ~[?:?]
	at net.minecraft.world.level.entity.EntityTickList.forEach(EntityTickList.java:42) ~[paper-1.20.4.jar:git-Paper-499]
	at net.minecraft.server.level.ServerLevel.tick(ServerLevel.java:896) ~[?:?]
	at net.minecraft.server.MinecraftServer.tickChildren(MinecraftServer.java:1724) ~[paper-1.20.4.jar:git-Paper-499]
	at net.minecraft.server.dedicated.DedicatedServer.tickChildren(DedicatedServer.java:447) ~[paper-1.20.4.jar:git-Paper-499]
	at net.minecraft.server.MinecraftServer.tickServer(MinecraftServer.java:1525) ~[paper-1.20.4.jar:git-Paper-499]
	at net.minecraft.server.MinecraftServer.runServer(MinecraftServer.java:1226) ~[paper-1.20.4.jar:git-Paper-499]
	at net.minecraft.server.MinecraftServer.lambda$spin$0(MinecraftServer.java:319) ~[paper-1.20.4.jar:git-Paper-499]
	at java.lang.Thread.run(Thread.java:1583) ~[?:?]
[18:20:22] [Server thread/INFO]: [Essentials] Created a User for Mad Guard (4be778b4-1fc5-27f2-bce6-fc2d01bc4828) for non Bukkit type: net.citizensnpcs.nms.v1_20_R3.entity.EntityHumanNPC$PlayerNPC
[18:20:32] [Server thread/ERROR]: Could not pass event EntityTargetLivingEntityEvent to EliteEnchantments v2.3.8
java.lang.NullPointerException: Cannot invoke "org.bukkit.entity.Entity.getUniqueId()" because the return value of "org.bukkit.event.entity.EntityTargetEvent.getTarget()" is null
	at net.splodgebox.eliteenchantments.enchants.data.effects.RotDecay.onTarget(RotDecay.java:92) ~[EliteEnchantments.jar:?]
	at com.destroystokyo.paper.event.executor.asm.generated.GeneratedEventExecutor236.execute(Unknown Source) ~[?:?]
	at org.bukkit.plugin.EventExecutor$2.execute(EventExecutor.java:77) ~[paper-api-1.20.4-R0.1-SNAPSHOT.jar:?]
	at co.aikar.timings.TimedEventExecutor.execute(TimedEventExecutor.java:81) ~[paper-api-1.20.4-R0.1-SNAPSHOT.jar:git-Paper-499]
	at org.bukkit.plugin.RegisteredListener.callEvent(RegisteredListener.java:70) ~[paper-api-1.20.4-R0.1-SNAPSHOT.jar:?]
	at io.papermc.paper.plugin.manager.PaperEventManager.callEvent(PaperEventManager.java:54) ~[paper-1.20.4.jar:git-Paper-499]
	at io.papermc.paper.plugin.manager.PaperPluginManagerImpl.callEvent(PaperPluginManagerImpl.java:126) ~[paper-1.20.4.jar:git-Paper-499]
	at org.bukkit.plugin.SimplePluginManager.callEvent(SimplePluginManager.java:615) ~[paper-api-1.20.4-R0.1-SNAPSHOT.jar:?]
	at net.minecraft.world.entity.Mob.setTarget(Mob.java:315) ~[?:?]
	at net.minecraft.world.entity.ai.goal.target.TargetGoal.stop(TargetGoal.java:95) ~[?:?]
	at net.minecraft.world.entity.ai.goal.WrappedGoal.stop(WrappedGoal.java:47) ~[?:?]
	at net.minecraft.world.entity.ai.goal.GoalSelector.tick(GoalSelector.java:135) ~[?:?]
	at net.minecraft.world.entity.Mob.serverAiStep(Mob.java:923) ~[?:?]
	at net.minecraft.world.entity.LivingEntity.aiStep(LivingEntity.java:3417) ~[?:?]
	at net.minecraft.world.entity.Mob.aiStep(Mob.java:676) ~[?:?]
	at net.minecraft.world.entity.monster.Monster.aiStep(Monster.java:45) ~[?:?]
	at net.minecraft.world.entity.monster.Zombie.aiStep(Zombie.java:270) ~[?:?]
	at net.minecraft.world.entity.LivingEntity.tick(LivingEntity.java:3066) ~[?:?]
	at net.minecraft.world.entity.Mob.tick(Mob.java:438) ~[?:?]
	at net.minecraft.world.entity.monster.Zombie.tick(Zombie.java:240) ~[?:?]
	at net.minecraft.server.level.ServerLevel.tickNonPassenger(ServerLevel.java:1409) ~[?:?]
	at net.minecraft.world.level.Level.guardEntityTick(Level.java:1318) ~[?:?]
	at net.minecraft.server.level.ServerLevel.lambda$tick$8(ServerLevel.java:916) ~[?:?]
	at net.minecraft.world.level.entity.EntityTickList.forEach(EntityTickList.java:42) ~[paper-1.20.4.jar:git-Paper-499]
	at net.minecraft.server.level.ServerLevel.tick(ServerLevel.java:896) ~[?:?]
	at net.minecraft.server.MinecraftServer.tickChildren(MinecraftServer.java:1724) ~[paper-1.20.4.jar:git-Paper-499]
	at net.minecraft.server.dedicated.DedicatedServer.tickChildren(DedicatedServer.java:447) ~[paper-1.20.4.jar:git-Paper-499]
	at net.minecraft.server.MinecraftServer.tickServer(MinecraftServer.java:1525) ~[paper-1.20.4.jar:git-Paper-499]
	at net.minecraft.server.MinecraftServer.runServer(MinecraftServer.java:1226) ~[paper-1.20.4.jar:git-Paper-499]
	at net.minecraft.server.MinecraftServer.lambda$spin$0(MinecraftServer.java:319) ~[paper-1.20.4.jar:git-Paper-499]
	at java.lang.Thread.run(Thread.java:1583) ~[?:?]
[18:20:32] [Server thread/ERROR]: Could not pass event EntityTargetLivingEntityEvent to EliteEnchantments v2.3.8
java.lang.NullPointerException: Cannot invoke "org.bukkit.entity.Entity.getUniqueId()" because the return value of "org.bukkit.event.entity.EntityTargetEvent.getTarget()" is null
	at net.splodgebox.eliteenchantments.enchants.data.effects.RotDecay.onTarget(RotDecay.java:92) ~[EliteEnchantments.jar:?]
	at com.destroystokyo.paper.event.executor.asm.generated.GeneratedEventExecutor236.execute(Unknown Source) ~[?:?]
	at org.bukkit.plugin.EventExecutor$2.execute(EventExecutor.java:77) ~[paper-api-1.20.4-R0.1-SNAPSHOT.jar:?]
	at co.aikar.timings.TimedEventExecutor.execute(TimedEventExecutor.java:81) ~[paper-api-1.20.4-R0.1-SNAPSHOT.jar:git-Paper-499]
	at org.bukkit.plugin.RegisteredListener.callEvent(RegisteredListener.java:70) ~[paper-api-1.20.4-R0.1-SNAPSHOT.jar:?]
	at io.papermc.paper.plugin.manager.PaperEventManager.callEvent(PaperEventManager.java:54) ~[paper-1.20.4.jar:git-Paper-499]
	at io.papermc.paper.plugin.manager.PaperPluginManagerImpl.callEvent(PaperPluginManagerImpl.java:126) ~[paper-1.20.4.jar:git-Paper-499]
	at org.bukkit.plugin.SimplePluginManager.callEvent(SimplePluginManager.java:615) ~[paper-api-1.20.4-R0.1-SNAPSHOT.jar:?]
	at net.minecraft.world.entity.Mob.setTarget(Mob.java:315) ~[?:?]
	at net.minecraft.world.entity.ai.goal.target.TargetGoal.stop(TargetGoal.java:95) ~[?:?]
	at net.minecraft.world.entity.ai.goal.WrappedGoal.stop(WrappedGoal.java:47) ~[?:?]
	at net.minecraft.world.entity.ai.goal.GoalSelector.tick(GoalSelector.java:135) ~[?:?]
	at net.minecraft.world.entity.Mob.serverAiStep(Mob.java:923) ~[?:?]
	at net.minecraft.world.entity.LivingEntity.aiStep(LivingEntity.java:3417) ~[?:?]
	at net.minecraft.world.entity.Mob.aiStep(Mob.java:676) ~[?:?]
	at net.minecraft.world.entity.monster.Monster.aiStep(Monster.java:45) ~[?:?]
	at net.minecraft.world.entity.monster.Zombie.aiStep(Zombie.java:270) ~[?:?]
	at net.minecraft.world.entity.LivingEntity.tick(LivingEntity.java:3066) ~[?:?]
	at net.minecraft.world.entity.Mob.tick(Mob.java:438) ~[?:?]
	at net.minecraft.world.entity.monster.Zombie.tick(Zombie.java:240) ~[?:?]
	at net.minecraft.server.level.ServerLevel.tickNonPassenger(ServerLevel.java:1409) ~[?:?]
	at net.minecraft.world.level.Level.guardEntityTick(Level.java:1318) ~[?:?]
	at net.minecraft.server.level.ServerLevel.lambda$tick$8(ServerLevel.java:916) ~[?:?]
	at net.minecraft.world.level.entity.EntityTickList.forEach(EntityTickList.java:42) ~[paper-1.20.4.jar:git-Paper-499]
	at net.minecraft.server.level.ServerLevel.tick(ServerLevel.java:896) ~[?:?]
	at net.minecraft.server.MinecraftServer.tickChildren(MinecraftServer.java:1724) ~[paper-1.20.4.jar:git-Paper-499]
	at net.minecraft.server.dedicated.DedicatedServer.tickChildren(DedicatedServer.java:447) ~[paper-1.20.4.jar:git-Paper-499]
	at net.minecraft.server.MinecraftServer.tickServer(MinecraftServer.java:1525) ~[paper-1.20.4.jar:git-Paper-499]
	at net.minecraft.server.MinecraftServer.runServer(MinecraftServer.java:1226) ~[paper-1.20.4.jar:git-Paper-499]
	at net.minecraft.server.MinecraftServer.lambda$spin$0(MinecraftServer.java:319) ~[paper-1.20.4.jar:git-Paper-499]
	at java.lang.Thread.run(Thread.java:1583) ~[?:?]
[18:21:12] [Server thread/ERROR]: Could not pass event EntityTargetLivingEntityEvent to EliteEnchantments v2.3.8
java.lang.NullPointerException: Cannot invoke "org.bukkit.entity.Entity.getUniqueId()" because the return value of "org.bukkit.event.entity.EntityTargetEvent.getTarget()" is null
	at net.splodgebox.eliteenchantments.enchants.data.effects.RotDecay.onTarget(RotDecay.java:92) ~[EliteEnchantments.jar:?]
	at com.destroystokyo.paper.event.executor.asm.generated.GeneratedEventExecutor236.execute(Unknown Source) ~[?:?]
	at org.bukkit.plugin.EventExecutor$2.execute(EventExecutor.java:77) ~[paper-api-1.20.4-R0.1-SNAPSHOT.jar:?]
	at co.aikar.timings.TimedEventExecutor.execute(TimedEventExecutor.java:81) ~[paper-api-1.20.4-R0.1-SNAPSHOT.jar:git-Paper-499]
	at org.bukkit.plugin.RegisteredListener.callEvent(RegisteredListener.java:70) ~[paper-api-1.20.4-R0.1-SNAPSHOT.jar:?]
	at io.papermc.paper.plugin.manager.PaperEventManager.callEvent(PaperEventManager.java:54) ~[paper-1.20.4.jar:git-Paper-499]
	at io.papermc.paper.plugin.manager.PaperPluginManagerImpl.callEvent(PaperPluginManagerImpl.java:126) ~[paper-1.20.4.jar:git-Paper-499]
	at org.bukkit.plugin.SimplePluginManager.callEvent(SimplePluginManager.java:615) ~[paper-api-1.20.4-R0.1-SNAPSHOT.jar:?]
	at net.minecraft.world.entity.Mob.setTarget(Mob.java:315) ~[?:?]
	at net.minecraft.world.entity.ai.goal.target.TargetGoal.stop(TargetGoal.java:95) ~[?:?]
	at net.minecraft.world.entity.ai.goal.WrappedGoal.stop(WrappedGoal.java:47) ~[?:?]
	at net.minecraft.world.entity.ai.goal.GoalSelector.tick(GoalSelector.java:135) ~[?:?]
	at net.minecraft.world.entity.Mob.serverAiStep(Mob.java:923) ~[?:?]
	at net.minecraft.world.entity.LivingEntity.aiStep(LivingEntity.java:3417) ~[?:?]
	at net.minecraft.world.entity.Mob.aiStep(Mob.java:676) ~[?:?]
	at net.minecraft.world.entity.monster.Monster.aiStep(Monster.java:45) ~[?:?]
	at net.minecraft.world.entity.monster.Zombie.aiStep(Zombie.java:270) ~[?:?]
	at net.minecraft.world.entity.LivingEntity.tick(LivingEntity.java:3066) ~[?:?]
	at net.minecraft.world.entity.Mob.tick(Mob.java:438) ~[?:?]
	at net.minecraft.world.entity.monster.Zombie.tick(Zombie.java:240) ~[?:?]
	at net.minecraft.server.level.ServerLevel.tickNonPassenger(ServerLevel.java:1409) ~[?:?]
	at net.minecraft.world.level.Level.guardEntityTick(Level.java:1318) ~[?:?]
	at net.minecraft.server.level.ServerLevel.lambda$tick$8(ServerLevel.java:916) ~[?:?]
	at net.minecraft.world.level.entity.EntityTickList.forEach(EntityTickList.java:42) ~[paper-1.20.4.jar:git-Paper-499]
	at net.minecraft.server.level.ServerLevel.tick(ServerLevel.java:896) ~[?:?]
	at net.minecraft.server.MinecraftServer.tickChildren(MinecraftServer.java:1724) ~[paper-1.20.4.jar:git-Paper-499]
	at net.minecraft.server.dedicated.DedicatedServer.tickChildren(DedicatedServer.java:447) ~[paper-1.20.4.jar:git-Paper-499]
	at net.minecraft.server.MinecraftServer.tickServer(MinecraftServer.java:1525) ~[paper-1.20.4.jar:git-Paper-499]
	at net.minecraft.server.MinecraftServer.runServer(MinecraftServer.java:1226) ~[paper-1.20.4.jar:git-Paper-499]
	at net.minecraft.server.MinecraftServer.lambda$spin$0(MinecraftServer.java:319) ~[paper-1.20.4.jar:git-Paper-499]
	at java.lang.Thread.run(Thread.java:1583) ~[?:?]
[18:21:13] [Server thread/ERROR]: Could not pass event EntityTargetLivingEntityEvent to EliteEnchantments v2.3.8
java.lang.NullPointerException: Cannot invoke "org.bukkit.entity.Entity.getUniqueId()" because the return value of "org.bukkit.event.entity.EntityTargetEvent.getTarget()" is null
	at net.splodgebox.eliteenchantments.enchants.data.effects.RotDecay.onTarget(RotDecay.java:92) ~[EliteEnchantments.jar:?]
	at com.destroystokyo.paper.event.executor.asm.generated.GeneratedEventExecutor236.execute(Unknown Source) ~[?:?]
	at org.bukkit.plugin.EventExecutor$2.execute(EventExecutor.java:77) ~[paper-api-1.20.4-R0.1-SNAPSHOT.jar:?]
	at co.aikar.timings.TimedEventExecutor.execute(TimedEventExecutor.java:81) ~[paper-api-1.20.4-R0.1-SNAPSHOT.jar:git-Paper-499]
	at org.bukkit.plugin.RegisteredListener.callEvent(RegisteredListener.java:70) ~[paper-api-1.20.4-R0.1-SNAPSHOT.jar:?]
	at io.papermc.paper.plugin.manager.PaperEventManager.callEvent(PaperEventManager.java:54) ~[paper-1.20.4.jar:git-Paper-499]
	at io.papermc.paper.plugin.manager.PaperPluginManagerImpl.callEvent(PaperPluginManagerImpl.java:126) ~[paper-1.20.4.jar:git-Paper-499]
	at org.bukkit.plugin.SimplePluginManager.callEvent(SimplePluginManager.java:615) ~[paper-api-1.20.4-R0.1-SNAPSHOT.jar:?]
	at net.minecraft.world.entity.Mob.setTarget(Mob.java:315) ~[?:?]
	at net.minecraft.world.entity.ai.goal.target.TargetGoal.stop(TargetGoal.java:95) ~[?:?]
	at net.minecraft.world.entity.ai.goal.WrappedGoal.stop(WrappedGoal.java:47) ~[?:?]
	at net.minecraft.world.entity.ai.goal.GoalSelector.tick(GoalSelector.java:135) ~[?:?]
	at net.minecraft.world.entity.Mob.serverAiStep(Mob.java:923) ~[?:?]
	at net.minecraft.world.entity.LivingEntity.aiStep(LivingEntity.java:3417) ~[?:?]
	at net.minecraft.world.entity.Mob.aiStep(Mob.java:676) ~[?:?]
	at net.minecraft.world.entity.monster.Monster.aiStep(Monster.java:45) ~[?:?]
	at net.minecraft.world.entity.monster.Zombie.aiStep(Zombie.java:270) ~[?:?]
	at net.minecraft.world.entity.LivingEntity.tick(LivingEntity.java:3066) ~[?:?]
	at net.minecraft.world.entity.Mob.tick(Mob.java:438) ~[?:?]
	at net.minecraft.world.entity.monster.Zombie.tick(Zombie.java:240) ~[?:?]
	at net.minecraft.server.level.ServerLevel.tickNonPassenger(ServerLevel.java:1409) ~[?:?]
	at net.minecraft.world.level.Level.guardEntityTick(Level.java:1318) ~[?:?]
	at net.minecraft.server.level.ServerLevel.lambda$tick$8(ServerLevel.java:916) ~[?:?]
	at net.minecraft.world.level.entity.EntityTickList.forEach(EntityTickList.java:42) ~[paper-1.20.4.jar:git-Paper-499]
	at net.minecraft.server.level.ServerLevel.tick(ServerLevel.java:896) ~[?:?]
	at net.minecraft.server.MinecraftServer.tickChildren(MinecraftServer.java:1724) ~[paper-1.20.4.jar:git-Paper-499]
	at net.minecraft.server.dedicated.DedicatedServer.tickChildren(DedicatedServer.java:447) ~[paper-1.20.4.jar:git-Paper-499]
	at net.minecraft.server.MinecraftServer.tickServer(MinecraftServer.java:1525) ~[paper-1.20.4.jar:git-Paper-499]
	at net.minecraft.server.MinecraftServer.runServer(MinecraftServer.java:1226) ~[paper-1.20.4.jar:git-Paper-499]
	at net.minecraft.server.MinecraftServer.lambda$spin$0(MinecraftServer.java:319) ~[paper-1.20.4.jar:git-Paper-499]
	at java.lang.Thread.run(Thread.java:1583) ~[?:?]
[18:21:13] [Server thread/ERROR]: Could not pass event EntityTargetLivingEntityEvent to EliteEnchantments v2.3.8
java.lang.NullPointerException: Cannot invoke "org.bukkit.entity.Entity.getUniqueId()" because the return value of "org.bukkit.event.entity.EntityTargetEvent.getTarget()" is null
	at net.splodgebox.eliteenchantments.enchants.data.effects.RotDecay.onTarget(RotDecay.java:92) ~[EliteEnchantments.jar:?]
	at com.destroystokyo.paper.event.executor.asm.generated.GeneratedEventExecutor236.execute(Unknown Source) ~[?:?]
	at org.bukkit.plugin.EventExecutor$2.execute(EventExecutor.java:77) ~[paper-api-1.20.4-R0.1-SNAPSHOT.jar:?]
	at co.aikar.timings.TimedEventExecutor.execute(TimedEventExecutor.java:81) ~[paper-api-1.20.4-R0.1-SNAPSHOT.jar:git-Paper-499]
	at org.bukkit.plugin.RegisteredListener.callEvent(RegisteredListener.java:70) ~[paper-api-1.20.4-R0.1-SNAPSHOT.jar:?]
	at io.papermc.paper.plugin.manager.PaperEventManager.callEvent(PaperEventManager.java:54) ~[paper-1.20.4.jar:git-Paper-499]
	at io.papermc.paper.plugin.manager.PaperPluginManagerImpl.callEvent(PaperPluginManagerImpl.java:126) ~[paper-1.20.4.jar:git-Paper-499]
	at org.bukkit.plugin.SimplePluginManager.callEvent(SimplePluginManager.java:615) ~[paper-api-1.20.4-R0.1-SNAPSHOT.jar:?]
	at net.minecraft.world.entity.Mob.setTarget(Mob.java:315) ~[?:?]
	at net.minecraft.world.entity.ai.goal.target.TargetGoal.stop(TargetGoal.java:95) ~[?:?]
	at net.minecraft.world.entity.ai.goal.WrappedGoal.stop(WrappedGoal.java:47) ~[?:?]
	at net.minecraft.world.entity.ai.goal.GoalSelector.tick(GoalSelector.java:135) ~[?:?]
	at net.minecraft.world.entity.Mob.serverAiStep(Mob.java:923) ~[?:?]
	at net.minecraft.world.entity.LivingEntity.aiStep(LivingEntity.java:3417) ~[?:?]
	at net.minecraft.world.entity.Mob.aiStep(Mob.java:676) ~[?:?]
	at net.minecraft.world.entity.monster.Monster.aiStep(Monster.java:45) ~[?:?]
	at net.minecraft.world.entity.monster.Zombie.aiStep(Zombie.java:270) ~[?:?]
	at net.minecraft.world.entity.LivingEntity.tick(LivingEntity.java:3066) ~[?:?]
	at net.minecraft.world.entity.Mob.tick(Mob.java:438) ~[?:?]
	at net.minecraft.world.entity.monster.Zombie.tick(Zombie.java:240) ~[?:?]
	at net.minecraft.server.level.ServerLevel.tickNonPassenger(ServerLevel.java:1409) ~[?:?]
	at net.minecraft.world.level.Level.guardEntityTick(Level.java:1318) ~[?:?]
	at net.minecraft.server.level.ServerLevel.lambda$tick$8(ServerLevel.java:916) ~[?:?]
	at net.minecraft.world.level.entity.EntityTickList.forEach(EntityTickList.java:42) ~[paper-1.20.4.jar:git-Paper-499]
	at net.minecraft.server.level.ServerLevel.tick(ServerLevel.java:896) ~[?:?]
	at net.minecraft.server.MinecraftServer.tickChildren(MinecraftServer.java:1724) ~[paper-1.20.4.jar:git-Paper-499]
	at net.minecraft.server.dedicated.DedicatedServer.tickChildren(DedicatedServer.java:447) ~[paper-1.20.4.jar:git-Paper-499]
	at net.minecraft.server.MinecraftServer.tickServer(MinecraftServer.java:1525) ~[paper-1.20.4.jar:git-Paper-499]
	at net.minecraft.server.MinecraftServer.runServer(MinecraftServer.java:1226) ~[paper-1.20.4.jar:git-Paper-499]
	at net.minecraft.server.MinecraftServer.lambda$spin$0(MinecraftServer.java:319) ~[paper-1.20.4.jar:git-Paper-499]
	at java.lang.Thread.run(Thread.java:1583) ~[?:?]
[18:21:14] [Server thread/ERROR]: Could not pass event EntityTargetLivingEntityEvent to EliteEnchantments v2.3.8
java.lang.NullPointerException: Cannot invoke "org.bukkit.entity.Entity.getUniqueId()" because the return value of "org.bukkit.event.entity.EntityTargetEvent.getTarget()" is null
	at net.splodgebox.eliteenchantments.enchants.data.effects.RotDecay.onTarget(RotDecay.java:92) ~[EliteEnchantments.jar:?]
	at com.destroystokyo.paper.event.executor.asm.generated.GeneratedEventExecutor236.execute(Unknown Source) ~[?:?]
	at org.bukkit.plugin.EventExecutor$2.execute(EventExecutor.java:77) ~[paper-api-1.20.4-R0.1-SNAPSHOT.jar:?]
	at co.aikar.timings.TimedEventExecutor.execute(TimedEventExecutor.java:81) ~[paper-api-1.20.4-R0.1-SNAPSHOT.jar:git-Paper-499]
	at org.bukkit.plugin.RegisteredListener.callEvent(RegisteredListener.java:70) ~[paper-api-1.20.4-R0.1-SNAPSHOT.jar:?]
	at io.papermc.paper.plugin.manager.PaperEventManager.callEvent(PaperEventManager.java:54) ~[paper-1.20.4.jar:git-Paper-499]
	at io.papermc.paper.plugin.manager.PaperPluginManagerImpl.callEvent(PaperPluginManagerImpl.java:126) ~[paper-1.20.4.jar:git-Paper-499]
	at org.bukkit.plugin.SimplePluginManager.callEvent(SimplePluginManager.java:615) ~[paper-api-1.20.4-R0.1-SNAPSHOT.jar:?]
	at net.minecraft.world.entity.Mob.setTarget(Mob.java:315) ~[?:?]
	at net.minecraft.world.entity.ai.goal.target.TargetGoal.stop(TargetGoal.java:95) ~[?:?]
	at net.minecraft.world.entity.ai.goal.WrappedGoal.stop(WrappedGoal.java:47) ~[?:?]
	at net.minecraft.world.entity.ai.goal.GoalSelector.tick(GoalSelector.java:135) ~[?:?]
	at net.minecraft.world.entity.Mob.serverAiStep(Mob.java:923) ~[?:?]
	at net.minecraft.world.entity.LivingEntity.aiStep(LivingEntity.java:3417) ~[?:?]
	at net.minecraft.world.entity.Mob.aiStep(Mob.java:676) ~[?:?]
	at net.minecraft.world.entity.monster.Monster.aiStep(Monster.java:45) ~[?:?]
	at net.minecraft.world.entity.monster.Zombie.aiStep(Zombie.java:270) ~[?:?]
	at net.minecraft.world.entity.LivingEntity.tick(LivingEntity.java:3066) ~[?:?]
	at net.minecraft.world.entity.Mob.tick(Mob.java:438) ~[?:?]
	at net.minecraft.world.entity.monster.Zombie.tick(Zombie.java:240) ~[?:?]
	at net.minecraft.server.level.ServerLevel.tickNonPassenger(ServerLevel.java:1409) ~[?:?]
	at net.minecraft.world.level.Level.guardEntityTick(Level.java:1318) ~[?:?]
	at net.minecraft.server.level.ServerLevel.lambda$tick$8(ServerLevel.java:916) ~[?:?]
	at net.minecraft.world.level.entity.EntityTickList.forEach(EntityTickList.java:42) ~[paper-1.20.4.jar:git-Paper-499]
	at net.minecraft.server.level.ServerLevel.tick(ServerLevel.java:896) ~[?:?]
	at net.minecraft.server.MinecraftServer.tickChildren(MinecraftServer.java:1724) ~[paper-1.20.4.jar:git-Paper-499]
	at net.minecraft.server.dedicated.DedicatedServer.tickChildren(DedicatedServer.java:447) ~[paper-1.20.4.jar:git-Paper-499]
	at net.minecraft.server.MinecraftServer.tickServer(MinecraftServer.java:1525) ~[paper-1.20.4.jar:git-Paper-499]
	at net.minecraft.server.MinecraftServer.runServer(MinecraftServer.java:1226) ~[paper-1.20.4.jar:git-Paper-499]
	at net.minecraft.server.MinecraftServer.lambda$spin$0(MinecraftServer.java:319) ~[paper-1.20.4.jar:git-Paper-499]
	at java.lang.Thread.run(Thread.java:1583) ~[?:?]
[18:21:15] [Server thread/ERROR]: Could not pass event EntityTargetLivingEntityEvent to EliteEnchantments v2.3.8
java.lang.NullPointerException: Cannot invoke "org.bukkit.entity.Entity.getUniqueId()" because the return value of "org.bukkit.event.entity.EntityTargetEvent.getTarget()" is null
	at net.splodgebox.eliteenchantments.enchants.data.effects.RotDecay.onTarget(RotDecay.java:92) ~[EliteEnchantments.jar:?]
	at com.destroystokyo.paper.event.executor.asm.generated.GeneratedEventExecutor236.execute(Unknown Source) ~[?:?]
	at org.bukkit.plugin.EventExecutor$2.execute(EventExecutor.java:77) ~[paper-api-1.20.4-R0.1-SNAPSHOT.jar:?]
	at co.aikar.timings.TimedEventExecutor.execute(TimedEventExecutor.java:81) ~[paper-api-1.20.4-R0.1-SNAPSHOT.jar:git-Paper-499]
	at org.bukkit.plugin.RegisteredListener.callEvent(RegisteredListener.java:70) ~[paper-api-1.20.4-R0.1-SNAPSHOT.jar:?]
	at io.papermc.paper.plugin.manager.PaperEventManager.callEvent(PaperEventManager.java:54) ~[paper-1.20.4.jar:git-Paper-499]
	at io.papermc.paper.plugin.manager.PaperPluginManagerImpl.callEvent(PaperPluginManagerImpl.java:126) ~[paper-1.20.4.jar:git-Paper-499]
	at org.bukkit.plugin.SimplePluginManager.callEvent(SimplePluginManager.java:615) ~[paper-api-1.20.4-R0.1-SNAPSHOT.jar:?]
	at net.minecraft.world.entity.Mob.setTarget(Mob.java:315) ~[?:?]
	at net.minecraft.world.entity.ai.goal.target.TargetGoal.stop(TargetGoal.java:95) ~[?:?]
	at net.minecraft.world.entity.ai.goal.WrappedGoal.stop(WrappedGoal.java:47) ~[?:?]
	at net.minecraft.world.entity.ai.goal.GoalSelector.tick(GoalSelector.java:135) ~[?:?]
	at net.minecraft.world.entity.Mob.serverAiStep(Mob.java:923) ~[?:?]
	at net.minecraft.world.entity.LivingEntity.aiStep(LivingEntity.java:3417) ~[?:?]
	at net.minecraft.world.entity.Mob.aiStep(Mob.java:676) ~[?:?]
	at net.minecraft.world.entity.monster.Monster.aiStep(Monster.java:45) ~[?:?]
	at net.minecraft.world.entity.monster.Zombie.aiStep(Zombie.java:270) ~[?:?]
	at net.minecraft.world.entity.LivingEntity.tick(LivingEntity.java:3066) ~[?:?]
	at net.minecraft.world.entity.Mob.tick(Mob.java:438) ~[?:?]
	at net.minecraft.world.entity.monster.Zombie.tick(Zombie.java:240) ~[?:?]
	at net.minecraft.server.level.ServerLevel.tickNonPassenger(ServerLevel.java:1409) ~[?:?]
	at net.minecraft.world.level.Level.guardEntityTick(Level.java:1318) ~[?:?]
	at net.minecraft.server.level.ServerLevel.lambda$tick$8(ServerLevel.java:916) ~[?:?]
	at net.minecraft.world.level.entity.EntityTickList.forEach(EntityTickList.java:42) ~[paper-1.20.4.jar:git-Paper-499]
	at net.minecraft.server.level.ServerLevel.tick(ServerLevel.java:896) ~[?:?]
	at net.minecraft.server.MinecraftServer.tickChildren(MinecraftServer.java:1724) ~[paper-1.20.4.jar:git-Paper-499]
	at net.minecraft.server.dedicated.DedicatedServer.tickChildren(DedicatedServer.java:447) ~[paper-1.20.4.jar:git-Paper-499]
	at net.minecraft.server.MinecraftServer.tickServer(MinecraftServer.java:1525) ~[paper-1.20.4.jar:git-Paper-499]
	at net.minecraft.server.MinecraftServer.runServer(MinecraftServer.java:1226) ~[paper-1.20.4.jar:git-Paper-499]
	at net.minecraft.server.MinecraftServer.lambda$spin$0(MinecraftServer.java:319) ~[paper-1.20.4.jar:git-Paper-499]
	at java.lang.Thread.run(Thread.java:1583) ~[?:?]
[18:21:16] [Server thread/ERROR]: Could not pass event EntityTargetLivingEntityEvent to EliteEnchantments v2.3.8
java.lang.NullPointerException: Cannot invoke "org.bukkit.entity.Entity.getUniqueId()" because the return value of "org.bukkit.event.entity.EntityTargetEvent.getTarget()" is null
	at net.splodgebox.eliteenchantments.enchants.data.effects.RotDecay.onTarget(RotDecay.java:92) ~[EliteEnchantments.jar:?]
	at com.destroystokyo.paper.event.executor.asm.generated.GeneratedEventExecutor236.execute(Unknown Source) ~[?:?]
	at org.bukkit.plugin.EventExecutor$2.execute(EventExecutor.java:77) ~[paper-api-1.20.4-R0.1-SNAPSHOT.jar:?]
	at co.aikar.timings.TimedEventExecutor.execute(TimedEventExecutor.java:81) ~[paper-api-1.20.4-R0.1-SNAPSHOT.jar:git-Paper-499]
	at org.bukkit.plugin.RegisteredListener.callEvent(RegisteredListener.java:70) ~[paper-api-1.20.4-R0.1-SNAPSHOT.jar:?]
	at io.papermc.paper.plugin.manager.PaperEventManager.callEvent(PaperEventManager.java:54) ~[paper-1.20.4.jar:git-Paper-499]
	at io.papermc.paper.plugin.manager.PaperPluginManagerImpl.callEvent(PaperPluginManagerImpl.java:126) ~[paper-1.20.4.jar:git-Paper-499]
	at org.bukkit.plugin.SimplePluginManager.callEvent(SimplePluginManager.java:615) ~[paper-api-1.20.4-R0.1-SNAPSHOT.jar:?]
	at net.minecraft.world.entity.Mob.setTarget(Mob.java:315) ~[?:?]
	at net.minecraft.world.entity.ai.goal.target.TargetGoal.stop(TargetGoal.java:95) ~[?:?]
	at net.minecraft.world.entity.ai.goal.WrappedGoal.stop(WrappedGoal.java:47) ~[?:?]
	at net.minecraft.world.entity.ai.goal.GoalSelector.tick(GoalSelector.java:135) ~[?:?]
	at net.minecraft.world.entity.Mob.serverAiStep(Mob.java:923) ~[?:?]
	at net.minecraft.world.entity.LivingEntity.aiStep(LivingEntity.java:3417) ~[?:?]
	at net.minecraft.world.entity.Mob.aiStep(Mob.java:676) ~[?:?]
	at net.minecraft.world.entity.monster.Monster.aiStep(Monster.java:45) ~[?:?]
	at net.minecraft.world.entity.monster.Zombie.aiStep(Zombie.java:270) ~[?:?]
	at net.minecraft.world.entity.LivingEntity.tick(LivingEntity.java:3066) ~[?:?]
	at net.minecraft.world.entity.Mob.tick(Mob.java:438) ~[?:?]
	at net.minecraft.world.entity.monster.Zombie.tick(Zombie.java:240) ~[?:?]
	at net.minecraft.server.level.ServerLevel.tickNonPassenger(ServerLevel.java:1409) ~[?:?]
	at net.minecraft.world.level.Level.guardEntityTick(Level.java:1318) ~[?:?]
	at net.minecraft.server.level.ServerLevel.lambda$tick$8(ServerLevel.java:916) ~[?:?]
	at net.minecraft.world.level.entity.EntityTickList.forEach(EntityTickList.java:42) ~[paper-1.20.4.jar:git-Paper-499]
	at net.minecraft.server.level.ServerLevel.tick(ServerLevel.java:896) ~[?:?]
	at net.minecraft.server.MinecraftServer.tickChildren(MinecraftServer.java:1724) ~[paper-1.20.4.jar:git-Paper-499]
	at net.minecraft.server.dedicated.DedicatedServer.tickChildren(DedicatedServer.java:447) ~[paper-1.20.4.jar:git-Paper-499]
	at net.minecraft.server.MinecraftServer.tickServer(MinecraftServer.java:1525) ~[paper-1.20.4.jar:git-Paper-499]
	at net.minecraft.server.MinecraftServer.runServer(MinecraftServer.java:1226) ~[paper-1.20.4.jar:git-Paper-499]
	at net.minecraft.server.MinecraftServer.lambda$spin$0(MinecraftServer.java:319) ~[paper-1.20.4.jar:git-Paper-499]
	at java.lang.Thread.run(Thread.java:1583) ~[?:?]
[18:21:16] [Server thread/ERROR]: Could not pass event EntityTargetLivingEntityEvent to EliteEnchantments v2.3.8
java.lang.NullPointerException: Cannot invoke "org.bukkit.entity.Entity.getUniqueId()" because the return value of "org.bukkit.event.entity.EntityTargetEvent.getTarget()" is null
	at net.splodgebox.eliteenchantments.enchants.data.effects.RotDecay.onTarget(RotDecay.java:92) ~[EliteEnchantments.jar:?]
	at com.destroystokyo.paper.event.executor.asm.generated.GeneratedEventExecutor236.execute(Unknown Source) ~[?:?]
	at org.bukkit.plugin.EventExecutor$2.execute(EventExecutor.java:77) ~[paper-api-1.20.4-R0.1-SNAPSHOT.jar:?]
	at co.aikar.timings.TimedEventExecutor.execute(TimedEventExecutor.java:81) ~[paper-api-1.20.4-R0.1-SNAPSHOT.jar:git-Paper-499]
	at org.bukkit.plugin.RegisteredListener.callEvent(RegisteredListener.java:70) ~[paper-api-1.20.4-R0.1-SNAPSHOT.jar:?]
	at io.papermc.paper.plugin.manager.PaperEventManager.callEvent(PaperEventManager.java:54) ~[paper-1.20.4.jar:git-Paper-499]
	at io.papermc.paper.plugin.manager.PaperPluginManagerImpl.callEvent(PaperPluginManagerImpl.java:126) ~[paper-1.20.4.jar:git-Paper-499]
	at org.bukkit.plugin.SimplePluginManager.callEvent(SimplePluginManager.java:615) ~[paper-api-1.20.4-R0.1-SNAPSHOT.jar:?]
	at net.minecraft.world.entity.Mob.setTarget(Mob.java:315) ~[?:?]
	at net.minecraft.world.entity.ai.goal.target.TargetGoal.stop(TargetGoal.java:95) ~[?:?]
	at net.minecraft.world.entity.ai.goal.WrappedGoal.stop(WrappedGoal.java:47) ~[?:?]
	at net.minecraft.world.entity.ai.goal.GoalSelector.tick(GoalSelector.java:109) ~[?:?]
	at net.minecraft.world.entity.Mob.serverAiStep(Mob.java:923) ~[?:?]
	at net.minecraft.world.entity.LivingEntity.aiStep(LivingEntity.java:3417) ~[?:?]
	at net.minecraft.world.entity.Mob.aiStep(Mob.java:676) ~[?:?]
	at net.minecraft.world.entity.monster.Monster.aiStep(Monster.java:45) ~[?:?]
	at net.minecraft.world.entity.monster.Zombie.aiStep(Zombie.java:270) ~[?:?]
	at net.minecraft.world.entity.LivingEntity.tick(LivingEntity.java:3066) ~[?:?]
	at net.minecraft.world.entity.Mob.tick(Mob.java:438) ~[?:?]
	at net.minecraft.world.entity.monster.Zombie.tick(Zombie.java:240) ~[?:?]
	at net.minecraft.server.level.ServerLevel.tickNonPassenger(ServerLevel.java:1409) ~[?:?]
	at net.minecraft.world.level.Level.guardEntityTick(Level.java:1318) ~[?:?]
	at net.minecraft.server.level.ServerLevel.lambda$tick$8(ServerLevel.java:916) ~[?:?]
	at net.minecraft.world.level.entity.EntityTickList.forEach(EntityTickList.java:42) ~[paper-1.20.4.jar:git-Paper-499]
	at net.minecraft.server.level.ServerLevel.tick(ServerLevel.java:896) ~[?:?]
	at net.minecraft.server.MinecraftServer.tickChildren(MinecraftServer.java:1724) ~[paper-1.20.4.jar:git-Paper-499]
	at net.minecraft.server.dedicated.DedicatedServer.tickChildren(DedicatedServer.java:447) ~[paper-1.20.4.jar:git-Paper-499]
	at net.minecraft.server.MinecraftServer.tickServer(MinecraftServer.java:1525) ~[paper-1.20.4.jar:git-Paper-499]
	at net.minecraft.server.MinecraftServer.runServer(MinecraftServer.java:1226) ~[paper-1.20.4.jar:git-Paper-499]
	at net.minecraft.server.MinecraftServer.lambda$spin$0(MinecraftServer.java:319) ~[paper-1.20.4.jar:git-Paper-499]
	at java.lang.Thread.run(Thread.java:1583) ~[?:?]
[18:21:16] [Server thread/ERROR]: Could not pass event EntityTargetLivingEntityEvent to EliteEnchantments v2.3.8
java.lang.NullPointerException: Cannot invoke "org.bukkit.entity.Entity.getUniqueId()" because the return value of "org.bukkit.event.entity.EntityTargetEvent.getTarget()" is null
	at net.splodgebox.eliteenchantments.enchants.data.effects.RotDecay.onTarget(RotDecay.java:92) ~[EliteEnchantments.jar:?]
	at com.destroystokyo.paper.event.executor.asm.generated.GeneratedEventExecutor236.execute(Unknown Source) ~[?:?]
	at org.bukkit.plugin.EventExecutor$2.execute(EventExecutor.java:77) ~[paper-api-1.20.4-R0.1-SNAPSHOT.jar:?]
	at co.aikar.timings.TimedEventExecutor.execute(TimedEventExecutor.java:81) ~[paper-api-1.20.4-R0.1-SNAPSHOT.jar:git-Paper-499]
	at org.bukkit.plugin.RegisteredListener.callEvent(RegisteredListener.java:70) ~[paper-api-1.20.4-R0.1-SNAPSHOT.jar:?]
	at io.papermc.paper.plugin.manager.PaperEventManager.callEvent(PaperEventManager.java:54) ~[paper-1.20.4.jar:git-Paper-499]
	at io.papermc.paper.plugin.manager.PaperPluginManagerImpl.callEvent(PaperPluginManagerImpl.java:126) ~[paper-1.20.4.jar:git-Paper-499]
	at org.bukkit.plugin.SimplePluginManager.callEvent(SimplePluginManager.java:615) ~[paper-api-1.20.4-R0.1-SNAPSHOT.jar:?]
	at net.minecraft.world.entity.Mob.setTarget(Mob.java:315) ~[?:?]
	at net.minecraft.world.entity.ai.goal.target.TargetGoal.stop(TargetGoal.java:95) ~[?:?]
	at net.minecraft.world.entity.ai.goal.WrappedGoal.stop(WrappedGoal.java:47) ~[?:?]
	at net.minecraft.world.entity.ai.goal.GoalSelector.tick(GoalSelector.java:109) ~[?:?]
	at net.minecraft.world.entity.Mob.serverAiStep(Mob.java:923) ~[?:?]
	at net.minecraft.world.entity.LivingEntity.aiStep(LivingEntity.java:3417) ~[?:?]
	at net.minecraft.world.entity.Mob.aiStep(Mob.java:676) ~[?:?]
	at net.minecraft.world.entity.monster.Monster.aiStep(Monster.java:45) ~[?:?]
	at net.minecraft.world.entity.monster.Zombie.aiStep(Zombie.java:270) ~[?:?]
	at net.minecraft.world.entity.LivingEntity.tick(LivingEntity.java:3066) ~[?:?]
	at net.minecraft.world.entity.Mob.tick(Mob.java:438) ~[?:?]
	at net.minecraft.world.entity.monster.Zombie.tick(Zombie.java:240) ~[?:?]
	at net.minecraft.server.level.ServerLevel.tickNonPassenger(ServerLevel.java:1409) ~[?:?]
	at net.minecraft.world.level.Level.guardEntityTick(Level.java:1318) ~[?:?]
	at net.minecraft.server.level.ServerLevel.lambda$tick$8(ServerLevel.java:916) ~[?:?]
	at net.minecraft.world.level.entity.EntityTickList.forEach(EntityTickList.java:42) ~[paper-1.20.4.jar:git-Paper-499]
	at net.minecraft.server.level.ServerLevel.tick(ServerLevel.java:896) ~[?:?]
	at net.minecraft.server.MinecraftServer.tickChildren(MinecraftServer.java:1724) ~[paper-1.20.4.jar:git-Paper-499]
	at net.minecraft.server.dedicated.DedicatedServer.tickChildren(DedicatedServer.java:447) ~[paper-1.20.4.jar:git-Paper-499]
	at net.minecraft.server.MinecraftServer.tickServer(MinecraftServer.java:1525) ~[paper-1.20.4.jar:git-Paper-499]
	at net.minecraft.server.MinecraftServer.runServer(MinecraftServer.java:1226) ~[paper-1.20.4.jar:git-Paper-499]
	at net.minecraft.server.MinecraftServer.lambda$spin$0(MinecraftServer.java:319) ~[paper-1.20.4.jar:git-Paper-499]
	at java.lang.Thread.run(Thread.java:1583) ~[?:?]
[18:22:07] [Paper Watchdog Thread/ERROR]: --- DO NOT REPORT THIS TO PAPER - THIS IS NOT A BUG OR A CRASH  - git-Paper-499 (MC: 1.20.4) ---
[18:22:07] [Paper Watchdog Thread/ERROR]: The server has not responded for 10 seconds! Creating thread dump
[18:22:07] [Paper Watchdog Thread/ERROR]: ------------------------------
[18:22:07] [Paper Watchdog Thread/ERROR]: Server thread dump (Look for plugins here before reporting to Paper!):
[18:22:08] [Paper Watchdog Thread/ERROR]: ------------------------------
[18:22:08] [Paper Watchdog Thread/ERROR]: Current Thread: Server thread
[18:22:08] [Paper Watchdog Thread/ERROR]: 	PID: 71 | Suspended: false | Native: true | State: RUNNABLE
[18:22:08] [Paper Watchdog Thread/ERROR]: 	Stack:
[18:22:09] [Paper Watchdog Thread/ERROR]: 		java.base@21.0.8/sun.nio.fs.WindowsNativeDispatcher.CreateFile0(Native Method)
[18:22:09] [Paper Watchdog Thread/ERROR]: 		java.base@21.0.8/sun.nio.fs.WindowsNativeDispatcher.CreateFile(WindowsNativeDispatcher.java:73)
[18:22:09] [Paper Watchdog Thread/ERROR]: 		java.base@21.0.8/sun.nio.fs.WindowsChannelFactory.open(WindowsChannelFactory.java:309)
[18:22:09] [Paper Watchdog Thread/ERROR]: 		java.base@21.0.8/sun.nio.fs.WindowsChannelFactory.newFileChannel(WindowsChannelFactory.java:168)
[18:22:09] [Paper Watchdog Thread/ERROR]: 		java.base@21.0.8/sun.nio.fs.WindowsFileSystemProvider.newByteChannel(WindowsFileSystemProvider.java:229)
[18:22:09] [Paper Watchdog Thread/ERROR]: 		java.base@21.0.8/java.nio.file.Files.newByteChannel(Files.java:380)
[18:22:09] [Paper Watchdog Thread/ERROR]: 		java.base@21.0.8/java.nio.file.Files.createFile(Files.java:658)
[18:22:09] [Paper Watchdog Thread/ERROR]: 		java.base@21.0.8/java.nio.file.TempFileHelper.create(TempFileHelper.java:136)
[18:22:09] [Paper Watchdog Thread/ERROR]: 		java.base@21.0.8/java.nio.file.TempFileHelper.createTempFile(TempFileHelper.java:159)
[18:22:09] [Paper Watchdog Thread/ERROR]: 		java.base@21.0.8/java.nio.file.Files.createTempFile(Files.java:879)
[18:22:09] [Paper Watchdog Thread/ERROR]: 		net.minecraft.world.level.storage.PlayerDataStorage.save(PlayerDataStorage.java:42)
[18:22:09] [Paper Watchdog Thread/ERROR]: 		net.minecraft.server.players.PlayerList.save(PlayerList.java:581)
[18:22:09] [Paper Watchdog Thread/ERROR]: 		net.minecraft.server.players.PlayerList.lambda$saveAll$2(PlayerList.java:1245)
[18:22:09] [Paper Watchdog Thread/ERROR]: 		net.minecraft.server.players.PlayerList$$Lambda/0x000001f082585210.get(Unknown Source)
[18:22:09] [Paper Watchdog Thread/ERROR]: 		io.papermc.paper.util.MCUtil.ensureMain(MCUtil.java:382)
[18:22:09] [Paper Watchdog Thread/ERROR]: 		net.minecraft.server.players.PlayerList.saveAll(PlayerList.java:1238)
[18:22:09] [Paper Watchdog Thread/ERROR]: 		net.minecraft.server.MinecraftServer.tickServer(MinecraftServer.java:1542)
[18:22:09] [Paper Watchdog Thread/ERROR]: 		net.minecraft.server.MinecraftServer.runServer(MinecraftServer.java:1226)
[18:22:09] [Paper Watchdog Thread/ERROR]: 		net.minecraft.server.MinecraftServer.lambda$spin$0(MinecraftServer.java:319)
[18:22:09] [Paper Watchdog Thread/ERROR]: 		net.minecraft.server.MinecraftServer$$Lambda/0x000001f081bdfb28.run(Unknown Source)
[18:22:09] [Paper Watchdog Thread/ERROR]: 		java.base@21.0.8/java.lang.Thread.runWith(Thread.java:1596)
[18:22:09] [Paper Watchdog Thread/ERROR]: 		java.base@21.0.8/java.lang.Thread.run(Thread.java:1583)
[18:22:09] [Paper Watchdog Thread/ERROR]: ------------------------------
[18:22:09] [Paper Watchdog Thread/ERROR]: --- DO NOT REPORT THIS TO PAPER - THIS IS NOT A BUG OR A CRASH ---
[18:22:09] [Paper Watchdog Thread/ERROR]: ------------------------------
[18:22:11] [Server thread/WARN]: Can't keep up! Is the server overloaded? Running 14070ms or 281 ticks behind
[18:22:50] [Server thread/ERROR]: Could not pass event EntityTargetLivingEntityEvent to EliteEnchantments v2.3.8
java.lang.NullPointerException: Cannot invoke "org.bukkit.entity.Entity.getUniqueId()" because the return value of "org.bukkit.event.entity.EntityTargetEvent.getTarget()" is null
	at net.splodgebox.eliteenchantments.enchants.data.effects.RotDecay.onTarget(RotDecay.java:92) ~[EliteEnchantments.jar:?]
	at com.destroystokyo.paper.event.executor.asm.generated.GeneratedEventExecutor236.execute(Unknown Source) ~[?:?]
	at org.bukkit.plugin.EventExecutor$2.execute(EventExecutor.java:77) ~[paper-api-1.20.4-R0.1-SNAPSHOT.jar:?]
	at co.aikar.timings.TimedEventExecutor.execute(TimedEventExecutor.java:81) ~[paper-api-1.20.4-R0.1-SNAPSHOT.jar:git-Paper-499]
	at org.bukkit.plugin.RegisteredListener.callEvent(RegisteredListener.java:70) ~[paper-api-1.20.4-R0.1-SNAPSHOT.jar:?]
	at io.papermc.paper.plugin.manager.PaperEventManager.callEvent(PaperEventManager.java:54) ~[paper-1.20.4.jar:git-Paper-499]
	at io.papermc.paper.plugin.manager.PaperPluginManagerImpl.callEvent(PaperPluginManagerImpl.java:126) ~[paper-1.20.4.jar:git-Paper-499]
	at org.bukkit.plugin.SimplePluginManager.callEvent(SimplePluginManager.java:615) ~[paper-api-1.20.4-R0.1-SNAPSHOT.jar:?]
	at net.minecraft.world.entity.Mob.setTarget(Mob.java:315) ~[?:?]
	at net.minecraft.world.entity.ai.goal.target.TargetGoal.stop(TargetGoal.java:95) ~[?:?]
	at net.minecraft.world.entity.ai.goal.WrappedGoal.stop(WrappedGoal.java:47) ~[?:?]
	at net.minecraft.world.entity.ai.goal.GoalSelector.tick(GoalSelector.java:135) ~[?:?]
	at net.minecraft.world.entity.Mob.serverAiStep(Mob.java:923) ~[?:?]
	at net.minecraft.world.entity.LivingEntity.aiStep(LivingEntity.java:3417) ~[?:?]
	at net.minecraft.world.entity.Mob.aiStep(Mob.java:676) ~[?:?]
	at net.minecraft.world.entity.monster.Monster.aiStep(Monster.java:45) ~[?:?]
	at net.minecraft.world.entity.monster.Zombie.aiStep(Zombie.java:270) ~[?:?]
	at net.minecraft.world.entity.LivingEntity.tick(LivingEntity.java:3066) ~[?:?]
	at net.minecraft.world.entity.Mob.tick(Mob.java:438) ~[?:?]
	at net.minecraft.world.entity.monster.Zombie.tick(Zombie.java:240) ~[?:?]
	at net.minecraft.server.level.ServerLevel.tickNonPassenger(ServerLevel.java:1409) ~[?:?]
	at net.minecraft.world.level.Level.guardEntityTick(Level.java:1318) ~[?:?]
	at net.minecraft.server.level.ServerLevel.lambda$tick$8(ServerLevel.java:916) ~[?:?]
	at net.minecraft.world.level.entity.EntityTickList.forEach(EntityTickList.java:42) ~[paper-1.20.4.jar:git-Paper-499]
	at net.minecraft.server.level.ServerLevel.tick(ServerLevel.java:896) ~[?:?]
	at net.minecraft.server.MinecraftServer.tickChildren(MinecraftServer.java:1724) ~[paper-1.20.4.jar:git-Paper-499]
	at net.minecraft.server.dedicated.DedicatedServer.tickChildren(DedicatedServer.java:447) ~[paper-1.20.4.jar:git-Paper-499]
	at net.minecraft.server.MinecraftServer.tickServer(MinecraftServer.java:1525) ~[paper-1.20.4.jar:git-Paper-499]
	at net.minecraft.server.MinecraftServer.runServer(MinecraftServer.java:1226) ~[paper-1.20.4.jar:git-Paper-499]
	at net.minecraft.server.MinecraftServer.lambda$spin$0(MinecraftServer.java:319) ~[paper-1.20.4.jar:git-Paper-499]
	at java.lang.Thread.run(Thread.java:1583) ~[?:?]
[18:22:50] [Server thread/ERROR]: Could not pass event EntityTargetLivingEntityEvent to EliteEnchantments v2.3.8
java.lang.NullPointerException: Cannot invoke "org.bukkit.entity.Entity.getUniqueId()" because the return value of "org.bukkit.event.entity.EntityTargetEvent.getTarget()" is null
	at net.splodgebox.eliteenchantments.enchants.data.effects.RotDecay.onTarget(RotDecay.java:92) ~[EliteEnchantments.jar:?]
	at com.destroystokyo.paper.event.executor.asm.generated.GeneratedEventExecutor236.execute(Unknown Source) ~[?:?]
	at org.bukkit.plugin.EventExecutor$2.execute(EventExecutor.java:77) ~[paper-api-1.20.4-R0.1-SNAPSHOT.jar:?]
	at co.aikar.timings.TimedEventExecutor.execute(TimedEventExecutor.java:81) ~[paper-api-1.20.4-R0.1-SNAPSHOT.jar:git-Paper-499]
	at org.bukkit.plugin.RegisteredListener.callEvent(RegisteredListener.java:70) ~[paper-api-1.20.4-R0.1-SNAPSHOT.jar:?]
	at io.papermc.paper.plugin.manager.PaperEventManager.callEvent(PaperEventManager.java:54) ~[paper-1.20.4.jar:git-Paper-499]
	at io.papermc.paper.plugin.manager.PaperPluginManagerImpl.callEvent(PaperPluginManagerImpl.java:126) ~[paper-1.20.4.jar:git-Paper-499]
	at org.bukkit.plugin.SimplePluginManager.callEvent(SimplePluginManager.java:615) ~[paper-api-1.20.4-R0.1-SNAPSHOT.jar:?]
	at net.minecraft.world.entity.Mob.setTarget(Mob.java:315) ~[?:?]
	at net.minecraft.world.entity.ai.goal.target.TargetGoal.stop(TargetGoal.java:95) ~[?:?]
	at net.minecraft.world.entity.ai.goal.WrappedGoal.stop(WrappedGoal.java:47) ~[?:?]
	at net.minecraft.world.entity.ai.goal.GoalSelector.tick(GoalSelector.java:135) ~[?:?]
	at net.minecraft.world.entity.Mob.serverAiStep(Mob.java:923) ~[?:?]
	at net.minecraft.world.entity.LivingEntity.aiStep(LivingEntity.java:3417) ~[?:?]
	at net.minecraft.world.entity.Mob.aiStep(Mob.java:676) ~[?:?]
	at net.minecraft.world.entity.monster.Monster.aiStep(Monster.java:45) ~[?:?]
	at net.minecraft.world.entity.monster.Zombie.aiStep(Zombie.java:270) ~[?:?]
	at net.minecraft.world.entity.LivingEntity.tick(LivingEntity.java:3066) ~[?:?]
	at net.minecraft.world.entity.Mob.tick(Mob.java:438) ~[?:?]
	at net.minecraft.world.entity.monster.Zombie.tick(Zombie.java:240) ~[?:?]
	at net.minecraft.server.level.ServerLevel.tickNonPassenger(ServerLevel.java:1409) ~[?:?]
	at net.minecraft.world.level.Level.guardEntityTick(Level.java:1318) ~[?:?]
	at net.minecraft.server.level.ServerLevel.lambda$tick$8(ServerLevel.java:916) ~[?:?]
	at net.minecraft.world.level.entity.EntityTickList.forEach(EntityTickList.java:42) ~[paper-1.20.4.jar:git-Paper-499]
	at net.minecraft.server.level.ServerLevel.tick(ServerLevel.java:896) ~[?:?]
	at net.minecraft.server.MinecraftServer.tickChildren(MinecraftServer.java:1724) ~[paper-1.20.4.jar:git-Paper-499]
	at net.minecraft.server.dedicated.DedicatedServer.tickChildren(DedicatedServer.java:447) ~[paper-1.20.4.jar:git-Paper-499]
	at net.minecraft.server.MinecraftServer.tickServer(MinecraftServer.java:1525) ~[paper-1.20.4.jar:git-Paper-499]
	at net.minecraft.server.MinecraftServer.runServer(MinecraftServer.java:1226) ~[paper-1.20.4.jar:git-Paper-499]
	at net.minecraft.server.MinecraftServer.lambda$spin$0(MinecraftServer.java:319) ~[paper-1.20.4.jar:git-Paper-499]
	at java.lang.Thread.run(Thread.java:1583) ~[?:?]
[18:22:51] [Server thread/INFO]: Named entity EntityZombie['Rotten Corpse'/760, uuid='fd7b79f3-a1cb-4570-905e-316110304e99', l='ServerLevel[world]', x=-19.30, y=103.60, z=24.70, cpos=[-2, 1], tl=25, v=true] died: Rotten Corpse was slain by HeldMango2526's Guardians
[18:22:51] [Server thread/ERROR]: Could not pass event EntityTargetLivingEntityEvent to EliteEnchantments v2.3.8
java.lang.NullPointerException: Cannot invoke "org.bukkit.entity.Entity.getUniqueId()" because the return value of "org.bukkit.event.entity.EntityTargetEvent.getTarget()" is null
	at net.splodgebox.eliteenchantments.enchants.data.effects.RotDecay.onTarget(RotDecay.java:92) ~[EliteEnchantments.jar:?]
	at com.destroystokyo.paper.event.executor.asm.generated.GeneratedEventExecutor236.execute(Unknown Source) ~[?:?]
	at org.bukkit.plugin.EventExecutor$2.execute(EventExecutor.java:77) ~[paper-api-1.20.4-R0.1-SNAPSHOT.jar:?]
	at co.aikar.timings.TimedEventExecutor.execute(TimedEventExecutor.java:81) ~[paper-api-1.20.4-R0.1-SNAPSHOT.jar:git-Paper-499]
	at org.bukkit.plugin.RegisteredListener.callEvent(RegisteredListener.java:70) ~[paper-api-1.20.4-R0.1-SNAPSHOT.jar:?]
	at io.papermc.paper.plugin.manager.PaperEventManager.callEvent(PaperEventManager.java:54) ~[paper-1.20.4.jar:git-Paper-499]
	at io.papermc.paper.plugin.manager.PaperPluginManagerImpl.callEvent(PaperPluginManagerImpl.java:126) ~[paper-1.20.4.jar:git-Paper-499]
	at org.bukkit.plugin.SimplePluginManager.callEvent(SimplePluginManager.java:615) ~[paper-api-1.20.4-R0.1-SNAPSHOT.jar:?]
	at net.minecraft.world.entity.Mob.setTarget(Mob.java:315) ~[?:?]
	at net.minecraft.world.entity.ai.goal.target.TargetGoal.stop(TargetGoal.java:95) ~[?:?]
	at net.minecraft.world.entity.ai.goal.WrappedGoal.stop(WrappedGoal.java:47) ~[?:?]
	at net.minecraft.world.entity.ai.goal.GoalSelector.tick(GoalSelector.java:135) ~[?:?]
	at net.minecraft.world.entity.Mob.serverAiStep(Mob.java:923) ~[?:?]
	at net.minecraft.world.entity.LivingEntity.aiStep(LivingEntity.java:3417) ~[?:?]
	at net.minecraft.world.entity.Mob.aiStep(Mob.java:676) ~[?:?]
	at net.minecraft.world.entity.monster.Monster.aiStep(Monster.java:45) ~[?:?]
	at net.minecraft.world.entity.monster.Zombie.aiStep(Zombie.java:270) ~[?:?]
	at net.minecraft.world.entity.LivingEntity.tick(LivingEntity.java:3066) ~[?:?]
	at net.minecraft.world.entity.Mob.tick(Mob.java:438) ~[?:?]
	at net.minecraft.world.entity.monster.Zombie.tick(Zombie.java:240) ~[?:?]
	at net.minecraft.server.level.ServerLevel.tickNonPassenger(ServerLevel.java:1409) ~[?:?]
	at net.minecraft.world.level.Level.guardEntityTick(Level.java:1318) ~[?:?]
	at net.minecraft.server.level.ServerLevel.lambda$tick$8(ServerLevel.java:916) ~[?:?]
	at net.minecraft.world.level.entity.EntityTickList.forEach(EntityTickList.java:42) ~[paper-1.20.4.jar:git-Paper-499]
	at net.minecraft.server.level.ServerLevel.tick(ServerLevel.java:896) ~[?:?]
	at net.minecraft.server.MinecraftServer.tickChildren(MinecraftServer.java:1724) ~[paper-1.20.4.jar:git-Paper-499]
	at net.minecraft.server.dedicated.DedicatedServer.tickChildren(DedicatedServer.java:447) ~[paper-1.20.4.jar:git-Paper-499]
	at net.minecraft.server.MinecraftServer.tickServer(MinecraftServer.java:1525) ~[paper-1.20.4.jar:git-Paper-499]
	at net.minecraft.server.MinecraftServer.runServer(MinecraftServer.java:1226) ~[paper-1.20.4.jar:git-Paper-499]
	at net.minecraft.server.MinecraftServer.lambda$spin$0(MinecraftServer.java:319) ~[paper-1.20.4.jar:git-Paper-499]
	at java.lang.Thread.run(Thread.java:1583) ~[?:?]
[18:22:51] [Server thread/ERROR]: Could not pass event EntityTargetLivingEntityEvent to EliteEnchantments v2.3.8
java.lang.NullPointerException: Cannot invoke "org.bukkit.entity.Entity.getUniqueId()" because the return value of "org.bukkit.event.entity.EntityTargetEvent.getTarget()" is null
	at net.splodgebox.eliteenchantments.enchants.data.effects.RotDecay.onTarget(RotDecay.java:92) ~[EliteEnchantments.jar:?]
	at com.destroystokyo.paper.event.executor.asm.generated.GeneratedEventExecutor236.execute(Unknown Source) ~[?:?]
	at org.bukkit.plugin.EventExecutor$2.execute(EventExecutor.java:77) ~[paper-api-1.20.4-R0.1-SNAPSHOT.jar:?]
	at co.aikar.timings.TimedEventExecutor.execute(TimedEventExecutor.java:81) ~[paper-api-1.20.4-R0.1-SNAPSHOT.jar:git-Paper-499]
	at org.bukkit.plugin.RegisteredListener.callEvent(RegisteredListener.java:70) ~[paper-api-1.20.4-R0.1-SNAPSHOT.jar:?]
	at io.papermc.paper.plugin.manager.PaperEventManager.callEvent(PaperEventManager.java:54) ~[paper-1.20.4.jar:git-Paper-499]
	at io.papermc.paper.plugin.manager.PaperPluginManagerImpl.callEvent(PaperPluginManagerImpl.java:126) ~[paper-1.20.4.jar:git-Paper-499]
	at org.bukkit.plugin.SimplePluginManager.callEvent(SimplePluginManager.java:615) ~[paper-api-1.20.4-R0.1-SNAPSHOT.jar:?]
	at net.minecraft.world.entity.Mob.setTarget(Mob.java:315) ~[?:?]
	at net.minecraft.world.entity.ai.goal.target.TargetGoal.stop(TargetGoal.java:95) ~[?:?]
	at net.minecraft.world.entity.ai.goal.WrappedGoal.stop(WrappedGoal.java:47) ~[?:?]
	at net.minecraft.world.entity.ai.goal.GoalSelector.tick(GoalSelector.java:135) ~[?:?]
	at net.minecraft.world.entity.Mob.serverAiStep(Mob.java:923) ~[?:?]
	at net.minecraft.world.entity.LivingEntity.aiStep(LivingEntity.java:3417) ~[?:?]
	at net.minecraft.world.entity.Mob.aiStep(Mob.java:676) ~[?:?]
	at net.minecraft.world.entity.monster.Monster.aiStep(Monster.java:45) ~[?:?]
	at net.minecraft.world.entity.monster.Zombie.aiStep(Zombie.java:270) ~[?:?]
	at net.minecraft.world.entity.LivingEntity.tick(LivingEntity.java:3066) ~[?:?]
	at net.minecraft.world.entity.Mob.tick(Mob.java:438) ~[?:?]
	at net.minecraft.world.entity.monster.Zombie.tick(Zombie.java:240) ~[?:?]
	at net.minecraft.server.level.ServerLevel.tickNonPassenger(ServerLevel.java:1409) ~[?:?]
	at net.minecraft.world.level.Level.guardEntityTick(Level.java:1318) ~[?:?]
	at net.minecraft.server.level.ServerLevel.lambda$tick$8(ServerLevel.java:916) ~[?:?]
	at net.minecraft.world.level.entity.EntityTickList.forEach(EntityTickList.java:42) ~[paper-1.20.4.jar:git-Paper-499]
	at net.minecraft.server.level.ServerLevel.tick(ServerLevel.java:896) ~[?:?]
	at net.minecraft.server.MinecraftServer.tickChildren(MinecraftServer.java:1724) ~[paper-1.20.4.jar:git-Paper-499]
	at net.minecraft.server.dedicated.DedicatedServer.tickChildren(DedicatedServer.java:447) ~[paper-1.20.4.jar:git-Paper-499]
	at net.minecraft.server.MinecraftServer.tickServer(MinecraftServer.java:1525) ~[paper-1.20.4.jar:git-Paper-499]
	at net.minecraft.server.MinecraftServer.runServer(MinecraftServer.java:1226) ~[paper-1.20.4.jar:git-Paper-499]
	at net.minecraft.server.MinecraftServer.lambda$spin$0(MinecraftServer.java:319) ~[paper-1.20.4.jar:git-Paper-499]
	at java.lang.Thread.run(Thread.java:1583) ~[?:?]
[18:22:52] [Server thread/ERROR]: Could not pass event EntityTargetLivingEntityEvent to EliteEnchantments v2.3.8
java.lang.NullPointerException: Cannot invoke "org.bukkit.entity.Entity.getUniqueId()" because the return value of "org.bukkit.event.entity.EntityTargetEvent.getTarget()" is null
	at net.splodgebox.eliteenchantments.enchants.data.effects.RotDecay.onTarget(RotDecay.java:92) ~[EliteEnchantments.jar:?]
	at com.destroystokyo.paper.event.executor.asm.generated.GeneratedEventExecutor236.execute(Unknown Source) ~[?:?]
	at org.bukkit.plugin.EventExecutor$2.execute(EventExecutor.java:77) ~[paper-api-1.20.4-R0.1-SNAPSHOT.jar:?]
	at co.aikar.timings.TimedEventExecutor.execute(TimedEventExecutor.java:81) ~[paper-api-1.20.4-R0.1-SNAPSHOT.jar:git-Paper-499]
	at org.bukkit.plugin.RegisteredListener.callEvent(RegisteredListener.java:70) ~[paper-api-1.20.4-R0.1-SNAPSHOT.jar:?]
	at io.papermc.paper.plugin.manager.PaperEventManager.callEvent(PaperEventManager.java:54) ~[paper-1.20.4.jar:git-Paper-499]
	at io.papermc.paper.plugin.manager.PaperPluginManagerImpl.callEvent(PaperPluginManagerImpl.java:126) ~[paper-1.20.4.jar:git-Paper-499]
	at org.bukkit.plugin.SimplePluginManager.callEvent(SimplePluginManager.java:615) ~[paper-api-1.20.4-R0.1-SNAPSHOT.jar:?]
	at net.minecraft.world.entity.Mob.setTarget(Mob.java:315) ~[?:?]
	at net.minecraft.world.entity.ai.goal.target.TargetGoal.stop(TargetGoal.java:95) ~[?:?]
	at net.minecraft.world.entity.ai.goal.WrappedGoal.stop(WrappedGoal.java:47) ~[?:?]
	at net.minecraft.world.entity.ai.goal.GoalSelector.tick(GoalSelector.java:135) ~[?:?]
	at net.minecraft.world.entity.Mob.serverAiStep(Mob.java:923) ~[?:?]
	at net.minecraft.world.entity.LivingEntity.aiStep(LivingEntity.java:3417) ~[?:?]
	at net.minecraft.world.entity.Mob.aiStep(Mob.java:676) ~[?:?]
	at net.minecraft.world.entity.monster.Monster.aiStep(Monster.java:45) ~[?:?]
	at net.minecraft.world.entity.monster.Zombie.aiStep(Zombie.java:270) ~[?:?]
	at net.minecraft.world.entity.LivingEntity.tick(LivingEntity.java:3066) ~[?:?]
	at net.minecraft.world.entity.Mob.tick(Mob.java:438) ~[?:?]
	at net.minecraft.world.entity.monster.Zombie.tick(Zombie.java:240) ~[?:?]
	at net.minecraft.server.level.ServerLevel.tickNonPassenger(ServerLevel.java:1409) ~[?:?]
	at net.minecraft.world.level.Level.guardEntityTick(Level.java:1318) ~[?:?]
	at net.minecraft.server.level.ServerLevel.lambda$tick$8(ServerLevel.java:916) ~[?:?]
	at net.minecraft.world.level.entity.EntityTickList.forEach(EntityTickList.java:42) ~[paper-1.20.4.jar:git-Paper-499]
	at net.minecraft.server.level.ServerLevel.tick(ServerLevel.java:896) ~[?:?]
	at net.minecraft.server.MinecraftServer.tickChildren(MinecraftServer.java:1724) ~[paper-1.20.4.jar:git-Paper-499]
	at net.minecraft.server.dedicated.DedicatedServer.tickChildren(DedicatedServer.java:447) ~[paper-1.20.4.jar:git-Paper-499]
	at net.minecraft.server.MinecraftServer.tickServer(MinecraftServer.java:1525) ~[paper-1.20.4.jar:git-Paper-499]
	at net.minecraft.server.MinecraftServer.runServer(MinecraftServer.java:1226) ~[paper-1.20.4.jar:git-Paper-499]
	at net.minecraft.server.MinecraftServer.lambda$spin$0(MinecraftServer.java:319) ~[paper-1.20.4.jar:git-Paper-499]
	at java.lang.Thread.run(Thread.java:1583) ~[?:?]
[18:22:54] [Server thread/INFO]: Named entity EntityIronGolem['HeldMango2526's Guardians'/752, uuid='1d9b8fc3-cf01-4474-811d-00132049ba33', l='ServerLevel[world]', x=-21.70, y=103.00, z=22.80, cpos=[-2, 1], tl=159, v=true] died: HeldMango2526's Guardians was slain by CIT-4be778b41fc5
[18:23:31] [Server thread/INFO]: HeldMango2526 issued server command: /fix all
[18:23:38] [Server thread/INFO]: Named entity EntityIronGolem['HeldMango2526's Guardians'/970, uuid='5c2bef53-9742-434e-915e-9354479cc0c4', l='ServerLevel[world]', x=1.35, y=104.00, z=39.66, cpos=[0, 2], tl=59, v=true] died: HeldMango2526's Guardians was slain by CIT-4be778b41fc5
[18:23:39] [Server thread/INFO]: Named entity EntityIronGolem['HeldMango2526's Guardians'/971, uuid='37340f28-a2a4-498c-b2e5-bf1603c0d842', l='ServerLevel[world]', x=1.95, y=104.00, z=39.28, cpos=[0, 2], tl=79, v=true] died: HeldMango2526's Guardians was slain by CIT-4be778b41fc5
[18:23:45] [Server thread/ERROR]: Could not pass event EntityTargetLivingEntityEvent to EliteEnchantments v2.3.8
java.lang.NullPointerException: Cannot invoke "org.bukkit.entity.Entity.getUniqueId()" because the return value of "org.bukkit.event.entity.EntityTargetEvent.getTarget()" is null
	at net.splodgebox.eliteenchantments.enchants.data.effects.RotDecay.onTarget(RotDecay.java:92) ~[EliteEnchantments.jar:?]
	at com.destroystokyo.paper.event.executor.asm.generated.GeneratedEventExecutor236.execute(Unknown Source) ~[?:?]
	at org.bukkit.plugin.EventExecutor$2.execute(EventExecutor.java:77) ~[paper-api-1.20.4-R0.1-SNAPSHOT.jar:?]
	at co.aikar.timings.TimedEventExecutor.execute(TimedEventExecutor.java:81) ~[paper-api-1.20.4-R0.1-SNAPSHOT.jar:git-Paper-499]
	at org.bukkit.plugin.RegisteredListener.callEvent(RegisteredListener.java:70) ~[paper-api-1.20.4-R0.1-SNAPSHOT.jar:?]
	at io.papermc.paper.plugin.manager.PaperEventManager.callEvent(PaperEventManager.java:54) ~[paper-1.20.4.jar:git-Paper-499]
	at io.papermc.paper.plugin.manager.PaperPluginManagerImpl.callEvent(PaperPluginManagerImpl.java:126) ~[paper-1.20.4.jar:git-Paper-499]
	at org.bukkit.plugin.SimplePluginManager.callEvent(SimplePluginManager.java:615) ~[paper-api-1.20.4-R0.1-SNAPSHOT.jar:?]
	at net.minecraft.world.entity.Mob.setTarget(Mob.java:315) ~[?:?]
	at net.minecraft.world.entity.ai.goal.target.TargetGoal.stop(TargetGoal.java:95) ~[?:?]
	at net.minecraft.world.entity.ai.goal.WrappedGoal.stop(WrappedGoal.java:47) ~[?:?]
	at net.minecraft.world.entity.ai.goal.GoalSelector.tick(GoalSelector.java:109) ~[?:?]
	at net.minecraft.world.entity.Mob.serverAiStep(Mob.java:923) ~[?:?]
	at net.minecraft.world.entity.LivingEntity.aiStep(LivingEntity.java:3417) ~[?:?]
	at net.minecraft.world.entity.Mob.aiStep(Mob.java:676) ~[?:?]
	at net.minecraft.world.entity.monster.Monster.aiStep(Monster.java:45) ~[?:?]
	at net.minecraft.world.entity.monster.Zombie.aiStep(Zombie.java:270) ~[?:?]
	at net.minecraft.world.entity.LivingEntity.tick(LivingEntity.java:3066) ~[?:?]
	at net.minecraft.world.entity.Mob.tick(Mob.java:438) ~[?:?]
	at net.minecraft.world.entity.monster.Zombie.tick(Zombie.java:240) ~[?:?]
	at net.minecraft.server.level.ServerLevel.tickNonPassenger(ServerLevel.java:1409) ~[?:?]
	at net.minecraft.world.level.Level.guardEntityTick(Level.java:1318) ~[?:?]
	at net.minecraft.server.level.ServerLevel.lambda$tick$8(ServerLevel.java:916) ~[?:?]
	at net.minecraft.world.level.entity.EntityTickList.forEach(EntityTickList.java:42) ~[paper-1.20.4.jar:git-Paper-499]
	at net.minecraft.server.level.ServerLevel.tick(ServerLevel.java:896) ~[?:?]
	at net.minecraft.server.MinecraftServer.tickChildren(MinecraftServer.java:1724) ~[paper-1.20.4.jar:git-Paper-499]
	at net.minecraft.server.dedicated.DedicatedServer.tickChildren(DedicatedServer.java:447) ~[paper-1.20.4.jar:git-Paper-499]
	at net.minecraft.server.MinecraftServer.tickServer(MinecraftServer.java:1525) ~[paper-1.20.4.jar:git-Paper-499]
	at net.minecraft.server.MinecraftServer.runServer(MinecraftServer.java:1226) ~[paper-1.20.4.jar:git-Paper-499]
	at net.minecraft.server.MinecraftServer.lambda$spin$0(MinecraftServer.java:319) ~[paper-1.20.4.jar:git-Paper-499]
	at java.lang.Thread.run(Thread.java:1583) ~[?:?]
[18:23:56] [Server thread/ERROR]: Could not pass event EntityTargetLivingEntityEvent to EliteEnchantments v2.3.8
java.lang.NullPointerException: Cannot invoke "org.bukkit.entity.Entity.getUniqueId()" because the return value of "org.bukkit.event.entity.EntityTargetEvent.getTarget()" is null
	at net.splodgebox.eliteenchantments.enchants.data.effects.RotDecay.onTarget(RotDecay.java:92) ~[EliteEnchantments.jar:?]
	at com.destroystokyo.paper.event.executor.asm.generated.GeneratedEventExecutor236.execute(Unknown Source) ~[?:?]
	at org.bukkit.plugin.EventExecutor$2.execute(EventExecutor.java:77) ~[paper-api-1.20.4-R0.1-SNAPSHOT.jar:?]
	at co.aikar.timings.TimedEventExecutor.execute(TimedEventExecutor.java:81) ~[paper-api-1.20.4-R0.1-SNAPSHOT.jar:git-Paper-499]
	at org.bukkit.plugin.RegisteredListener.callEvent(RegisteredListener.java:70) ~[paper-api-1.20.4-R0.1-SNAPSHOT.jar:?]
	at io.papermc.paper.plugin.manager.PaperEventManager.callEvent(PaperEventManager.java:54) ~[paper-1.20.4.jar:git-Paper-499]
	at io.papermc.paper.plugin.manager.PaperPluginManagerImpl.callEvent(PaperPluginManagerImpl.java:126) ~[paper-1.20.4.jar:git-Paper-499]
	at org.bukkit.plugin.SimplePluginManager.callEvent(SimplePluginManager.java:615) ~[paper-api-1.20.4-R0.1-SNAPSHOT.jar:?]
	at net.minecraft.world.entity.Mob.setTarget(Mob.java:315) ~[?:?]
	at net.minecraft.world.entity.ai.goal.target.TargetGoal.stop(TargetGoal.java:95) ~[?:?]
	at net.minecraft.world.entity.ai.goal.WrappedGoal.stop(WrappedGoal.java:47) ~[?:?]
	at net.minecraft.world.entity.ai.goal.GoalSelector.tick(GoalSelector.java:135) ~[?:?]
	at net.minecraft.world.entity.Mob.serverAiStep(Mob.java:923) ~[?:?]
	at net.minecraft.world.entity.LivingEntity.aiStep(LivingEntity.java:3417) ~[?:?]
	at net.minecraft.world.entity.Mob.aiStep(Mob.java:676) ~[?:?]
	at net.minecraft.world.entity.monster.Monster.aiStep(Monster.java:45) ~[?:?]
	at net.minecraft.world.entity.monster.Zombie.aiStep(Zombie.java:270) ~[?:?]
	at net.minecraft.world.entity.LivingEntity.tick(LivingEntity.java:3066) ~[?:?]
	at net.minecraft.world.entity.Mob.tick(Mob.java:438) ~[?:?]
	at net.minecraft.world.entity.monster.Zombie.tick(Zombie.java:240) ~[?:?]
	at net.minecraft.server.level.ServerLevel.tickNonPassenger(ServerLevel.java:1409) ~[?:?]
	at net.minecraft.world.level.Level.guardEntityTick(Level.java:1318) ~[?:?]
	at net.minecraft.server.level.ServerLevel.lambda$tick$8(ServerLevel.java:916) ~[?:?]
	at net.minecraft.world.level.entity.EntityTickList.forEach(EntityTickList.java:42) ~[paper-1.20.4.jar:git-Paper-499]
	at net.minecraft.server.level.ServerLevel.tick(ServerLevel.java:896) ~[?:?]
	at net.minecraft.server.MinecraftServer.tickChildren(MinecraftServer.java:1724) ~[paper-1.20.4.jar:git-Paper-499]
	at net.minecraft.server.dedicated.DedicatedServer.tickChildren(DedicatedServer.java:447) ~[paper-1.20.4.jar:git-Paper-499]
	at net.minecraft.server.MinecraftServer.tickServer(MinecraftServer.java:1525) ~[paper-1.20.4.jar:git-Paper-499]
	at net.minecraft.server.MinecraftServer.runServer(MinecraftServer.java:1226) ~[paper-1.20.4.jar:git-Paper-499]
	at net.minecraft.server.MinecraftServer.lambda$spin$0(MinecraftServer.java:319) ~[paper-1.20.4.jar:git-Paper-499]
	at java.lang.Thread.run(Thread.java:1583) ~[?:?]
[18:23:57] [Server thread/ERROR]: Could not pass event EntityTargetLivingEntityEvent to EliteEnchantments v2.3.8
java.lang.NullPointerException: Cannot invoke "org.bukkit.entity.Entity.getUniqueId()" because the return value of "org.bukkit.event.entity.EntityTargetEvent.getTarget()" is null
	at net.splodgebox.eliteenchantments.enchants.data.effects.RotDecay.onTarget(RotDecay.java:92) ~[EliteEnchantments.jar:?]
	at com.destroystokyo.paper.event.executor.asm.generated.GeneratedEventExecutor236.execute(Unknown Source) ~[?:?]
	at org.bukkit.plugin.EventExecutor$2.execute(EventExecutor.java:77) ~[paper-api-1.20.4-R0.1-SNAPSHOT.jar:?]
	at co.aikar.timings.TimedEventExecutor.execute(TimedEventExecutor.java:81) ~[paper-api-1.20.4-R0.1-SNAPSHOT.jar:git-Paper-499]
	at org.bukkit.plugin.RegisteredListener.callEvent(RegisteredListener.java:70) ~[paper-api-1.20.4-R0.1-SNAPSHOT.jar:?]
	at io.papermc.paper.plugin.manager.PaperEventManager.callEvent(PaperEventManager.java:54) ~[paper-1.20.4.jar:git-Paper-499]
	at io.papermc.paper.plugin.manager.PaperPluginManagerImpl.callEvent(PaperPluginManagerImpl.java:126) ~[paper-1.20.4.jar:git-Paper-499]
	at org.bukkit.plugin.SimplePluginManager.callEvent(SimplePluginManager.java:615) ~[paper-api-1.20.4-R0.1-SNAPSHOT.jar:?]
	at net.minecraft.world.entity.Mob.setTarget(Mob.java:315) ~[?:?]
	at net.minecraft.world.entity.ai.goal.target.TargetGoal.stop(TargetGoal.java:95) ~[?:?]
	at net.minecraft.world.entity.ai.goal.WrappedGoal.stop(WrappedGoal.java:47) ~[?:?]
	at net.minecraft.world.entity.ai.goal.GoalSelector.tick(GoalSelector.java:135) ~[?:?]
	at net.minecraft.world.entity.Mob.serverAiStep(Mob.java:923) ~[?:?]
	at net.minecraft.world.entity.LivingEntity.aiStep(LivingEntity.java:3417) ~[?:?]
	at net.minecraft.world.entity.Mob.aiStep(Mob.java:676) ~[?:?]
	at net.minecraft.world.entity.monster.Monster.aiStep(Monster.java:45) ~[?:?]
	at net.minecraft.world.entity.monster.Zombie.aiStep(Zombie.java:270) ~[?:?]
	at net.minecraft.world.entity.LivingEntity.tick(LivingEntity.java:3066) ~[?:?]
	at net.minecraft.world.entity.Mob.tick(Mob.java:438) ~[?:?]
	at net.minecraft.world.entity.monster.Zombie.tick(Zombie.java:240) ~[?:?]
	at net.minecraft.server.level.ServerLevel.tickNonPassenger(ServerLevel.java:1409) ~[?:?]
	at net.minecraft.world.level.Level.guardEntityTick(Level.java:1318) ~[?:?]
	at net.minecraft.server.level.ServerLevel.lambda$tick$8(ServerLevel.java:916) ~[?:?]
	at net.minecraft.world.level.entity.EntityTickList.forEach(EntityTickList.java:42) ~[paper-1.20.4.jar:git-Paper-499]
	at net.minecraft.server.level.ServerLevel.tick(ServerLevel.java:896) ~[?:?]
	at net.minecraft.server.MinecraftServer.tickChildren(MinecraftServer.java:1724) ~[paper-1.20.4.jar:git-Paper-499]
	at net.minecraft.server.dedicated.DedicatedServer.tickChildren(DedicatedServer.java:447) ~[paper-1.20.4.jar:git-Paper-499]
	at net.minecraft.server.MinecraftServer.tickServer(MinecraftServer.java:1525) ~[paper-1.20.4.jar:git-Paper-499]
	at net.minecraft.server.MinecraftServer.runServer(MinecraftServer.java:1226) ~[paper-1.20.4.jar:git-Paper-499]
	at net.minecraft.server.MinecraftServer.lambda$spin$0(MinecraftServer.java:319) ~[paper-1.20.4.jar:git-Paper-499]
	at java.lang.Thread.run(Thread.java:1583) ~[?:?]
[18:24:00] [Server thread/ERROR]: Could not pass event EntityTargetLivingEntityEvent to EliteEnchantments v2.3.8
java.lang.NullPointerException: Cannot invoke "org.bukkit.entity.Entity.getUniqueId()" because the return value of "org.bukkit.event.entity.EntityTargetEvent.getTarget()" is null
	at net.splodgebox.eliteenchantments.enchants.data.effects.RotDecay.onTarget(RotDecay.java:92) ~[EliteEnchantments.jar:?]
	at com.destroystokyo.paper.event.executor.asm.generated.GeneratedEventExecutor236.execute(Unknown Source) ~[?:?]
	at org.bukkit.plugin.EventExecutor$2.execute(EventExecutor.java:77) ~[paper-api-1.20.4-R0.1-SNAPSHOT.jar:?]
	at co.aikar.timings.TimedEventExecutor.execute(TimedEventExecutor.java:81) ~[paper-api-1.20.4-R0.1-SNAPSHOT.jar:git-Paper-499]
	at org.bukkit.plugin.RegisteredListener.callEvent(RegisteredListener.java:70) ~[paper-api-1.20.4-R0.1-SNAPSHOT.jar:?]
	at io.papermc.paper.plugin.manager.PaperEventManager.callEvent(PaperEventManager.java:54) ~[paper-1.20.4.jar:git-Paper-499]
	at io.papermc.paper.plugin.manager.PaperPluginManagerImpl.callEvent(PaperPluginManagerImpl.java:126) ~[paper-1.20.4.jar:git-Paper-499]
	at org.bukkit.plugin.SimplePluginManager.callEvent(SimplePluginManager.java:615) ~[paper-api-1.20.4-R0.1-SNAPSHOT.jar:?]
	at net.minecraft.world.entity.Mob.setTarget(Mob.java:315) ~[?:?]
	at net.minecraft.world.entity.ai.goal.target.TargetGoal.stop(TargetGoal.java:95) ~[?:?]
	at net.minecraft.world.entity.ai.goal.WrappedGoal.stop(WrappedGoal.java:47) ~[?:?]
	at net.minecraft.world.entity.ai.goal.GoalSelector.tick(GoalSelector.java:135) ~[?:?]
	at net.minecraft.world.entity.Mob.serverAiStep(Mob.java:923) ~[?:?]
	at net.minecraft.world.entity.LivingEntity.aiStep(LivingEntity.java:3417) ~[?:?]
	at net.minecraft.world.entity.Mob.aiStep(Mob.java:676) ~[?:?]
	at net.minecraft.world.entity.monster.Monster.aiStep(Monster.java:45) ~[?:?]
	at net.minecraft.world.entity.monster.Zombie.aiStep(Zombie.java:270) ~[?:?]
	at net.minecraft.world.entity.LivingEntity.tick(LivingEntity.java:3066) ~[?:?]
	at net.minecraft.world.entity.Mob.tick(Mob.java:438) ~[?:?]
	at net.minecraft.world.entity.monster.Zombie.tick(Zombie.java:240) ~[?:?]
	at net.minecraft.server.level.ServerLevel.tickNonPassenger(ServerLevel.java:1409) ~[?:?]
	at net.minecraft.world.level.Level.guardEntityTick(Level.java:1318) ~[?:?]
	at net.minecraft.server.level.ServerLevel.lambda$tick$8(ServerLevel.java:916) ~[?:?]
	at net.minecraft.world.level.entity.EntityTickList.forEach(EntityTickList.java:42) ~[paper-1.20.4.jar:git-Paper-499]
	at net.minecraft.server.level.ServerLevel.tick(ServerLevel.java:896) ~[?:?]
	at net.minecraft.server.MinecraftServer.tickChildren(MinecraftServer.java:1724) ~[paper-1.20.4.jar:git-Paper-499]
	at net.minecraft.server.dedicated.DedicatedServer.tickChildren(DedicatedServer.java:447) ~[paper-1.20.4.jar:git-Paper-499]
	at net.minecraft.server.MinecraftServer.tickServer(MinecraftServer.java:1525) ~[paper-1.20.4.jar:git-Paper-499]
	at net.minecraft.server.MinecraftServer.runServer(MinecraftServer.java:1226) ~[paper-1.20.4.jar:git-Paper-499]
	at net.minecraft.server.MinecraftServer.lambda$spin$0(MinecraftServer.java:319) ~[paper-1.20.4.jar:git-Paper-499]
	at java.lang.Thread.run(Thread.java:1583) ~[?:?]
[18:24:00] [Server thread/INFO]: Named entity EntityIronGolem['HeldMango2526's Guardians'/1005, uuid='62db0773-4030-4fd5-ac1b-97a748648bff', l='ServerLevel[world]', x=9.18, y=104.00, z=31.87, cpos=[0, 1], tl=69, v=true] died: HeldMango2526's Guardians was slain by CIT-4be778b41fc5
[18:24:22] [Server thread/INFO]: Named entity EntityIronGolem['HeldMango2526's Guardians'/1022, uuid='5d663254-066c-4403-b329-431c5f34a6b5', l='ServerLevel[world]', x=3.71, y=104.00, z=38.51, cpos=[0, 2], tl=99, v=true] died: HeldMango2526's Guardians was slain by CIT-4be778b41fc5
[18:24:26] [Server thread/INFO]: Named entity EntityIronGolem['HeldMango2526's Guardians'/1023, uuid='8dd867ba-4ac4-4922-be80-e128b3c85e9f', l='ServerLevel[world]', x=4.07, y=104.00, z=38.06, cpos=[0, 2], tl=179, v=true] died: HeldMango2526's Guardians was slain by CIT-4be778b41fc5
[18:25:33] [Server thread/INFO]: Named entity EntityIronGolem['HeldMango2526's Guardians'/1058, uuid='ccf3c496-e1c9-43df-8c42-f66040a76d24', l='ServerLevel[world]', x=117.92, y=113.00, z=38.04, cpos=[7, 2], tl=149, v=true] died: HeldMango2526's Guardians was slain by CIT-4be778b41fc5
[18:25:34] [Server thread/INFO]: Named entity EntityIronGolem['HeldMango2526's Guardians'/1059, uuid='c4f8e773-2c47-4963-9072-ab7ac9cc56a0', l='ServerLevel[world]', x=117.82, y=113.00, z=38.93, cpos=[7, 2], tl=159, v=true] died: HeldMango2526's Guardians was slain by CIT-4be778b41fc5
[18:26:31] [Server thread/INFO]: HeldMango2526 issued server command: /fly
[18:26:47] [Server thread/INFO]: HeldMango2526 issued server command: /madguards
[18:26:54] [Server thread/INFO]: HeldMango2526 issued server command: /madguards:clearallnpcs
[18:26:58] [Server thread/INFO]: HeldMango2526 issued server command: /madguards:clearallnpcs
[18:27:07] [Server thread/INFO]: HeldMango2526 issued server command: /madguards HeldMango2526
[18:27:38] [Server thread/INFO]: HeldMango2526 issued server command: /gmc
[18:28:00] [Server thread/INFO]: HeldMango2526 issued server command: /madguards
[18:28:12] [Server thread/INFO]: HeldMango2526 issued server command: /madguards spawnguard
[18:28:25] [Server thread/INFO]: HeldMango2526 issued server command: /madguards:spawnguard
[18:28:25] [Server thread/INFO]: [MadGuards] Spawning GUARD with health: 200.0
[18:28:41] [Server thread/INFO]: HeldMango2526 issued server command: /madguards:clearallnpcs
[18:29:50] [Server thread/WARN]: Can't keep up! Is the server overloaded? Running 3456ms or 69 ticks behind
[18:30:13] [Server thread/INFO]: HeldMango2526 issued server command: /madguards reload
[18:30:24] [Server thread/INFO]: HeldMango2526 issued server command: /madguards spawnguard enforcer
[18:30:29] [Server thread/INFO]: HeldMango2526 issued server command: /madguards:spawnguard enforcer
[18:30:29] [Server thread/INFO]: [MadGuards] Spawning GUARD with health: 100.0
[18:30:42] [Server thread/INFO]: HeldMango2526 issued server command: /madguards:spawnguard 2
[18:30:46] [Server thread/INFO]: HeldMango2526 issued server command: /madguards:clearallnpcs
[18:30:52] [Server thread/INFO]: HeldMango2526 issued server command: /madguards:spawnguard 2
[18:30:52] [Server thread/INFO]: [MadGuards] Spawning ENFORCER with health: 250.0
[18:31:03] [Server thread/INFO]: HeldMango2526 issued server command: /gm s
[18:31:35] [Server thread/INFO]: HeldMango2526 issued server command: /madguards:spawnguard 2
[18:31:35] [Server thread/INFO]: [MadGuards] Spawning ENFORCER with health: 250.0
[18:31:41] [Server thread/INFO]: [Essentials] Created a User for CIT-28fcdc1bb99f (28fcdc1b-b99f-28c8-a53b-d2197440a6b2) for non Bukkit type: net.citizensnpcs.nms.v1_20_R3.entity.EntityHumanNPC$PlayerNPC
[18:31:43] [Server thread/INFO]: Named entity EntityIronGolem['HeldMango2526's Guardians'/1177, uuid='dce8abdf-1bdc-473b-8629-39ef2f1ed211', l='ServerLevel[world]', x=-161.87, y=105.00, z=-5.28, cpos=[-11, -1], tl=49, v=true] died: HeldMango2526's Guardians was slain by CIT-28fcdc1bb99f
[18:31:44] [Server thread/INFO]: HeldMango2526 was slain by Enforcer ♥ 241/250
[18:31:48] [Server thread/INFO]: HeldMango2526 issued server command: /gly
[18:31:51] [Server thread/INFO]: HeldMango2526 issued server command: /fly
[18:32:21] [Server thread/INFO]: HeldMango2526 issued server command: /fly
[18:33:12] [Server thread/INFO]: HeldMango2526 issued server command: /madguards reload
[18:33:32] [Server thread/INFO]: HeldMango2526 issued server command: /heal HeldMango2526
[18:34:11] [Server thread/ERROR]: Could not pass event EntityTargetLivingEntityEvent to EliteEnchantments v2.3.8
java.lang.NullPointerException: Cannot invoke "org.bukkit.entity.Entity.getUniqueId()" because the return value of "org.bukkit.event.entity.EntityTargetEvent.getTarget()" is null
	at net.splodgebox.eliteenchantments.enchants.data.effects.RotDecay.onTarget(RotDecay.java:92) ~[EliteEnchantments.jar:?]
	at com.destroystokyo.paper.event.executor.asm.generated.GeneratedEventExecutor236.execute(Unknown Source) ~[?:?]
	at org.bukkit.plugin.EventExecutor$2.execute(EventExecutor.java:77) ~[paper-api-1.20.4-R0.1-SNAPSHOT.jar:?]
	at co.aikar.timings.TimedEventExecutor.execute(TimedEventExecutor.java:81) ~[paper-api-1.20.4-R0.1-SNAPSHOT.jar:git-Paper-499]
	at org.bukkit.plugin.RegisteredListener.callEvent(RegisteredListener.java:70) ~[paper-api-1.20.4-R0.1-SNAPSHOT.jar:?]
	at io.papermc.paper.plugin.manager.PaperEventManager.callEvent(PaperEventManager.java:54) ~[paper-1.20.4.jar:git-Paper-499]
	at io.papermc.paper.plugin.manager.PaperPluginManagerImpl.callEvent(PaperPluginManagerImpl.java:126) ~[paper-1.20.4.jar:git-Paper-499]
	at org.bukkit.plugin.SimplePluginManager.callEvent(SimplePluginManager.java:615) ~[paper-api-1.20.4-R0.1-SNAPSHOT.jar:?]
	at net.minecraft.world.entity.Mob.setTarget(Mob.java:315) ~[?:?]
	at net.minecraft.world.entity.ai.goal.target.TargetGoal.stop(TargetGoal.java:95) ~[?:?]
	at net.minecraft.world.entity.ai.goal.WrappedGoal.stop(WrappedGoal.java:47) ~[?:?]
	at net.minecraft.world.entity.ai.goal.GoalSelector.tick(GoalSelector.java:135) ~[?:?]
	at net.minecraft.world.entity.Mob.serverAiStep(Mob.java:923) ~[?:?]
	at net.minecraft.world.entity.LivingEntity.aiStep(LivingEntity.java:3417) ~[?:?]
	at net.minecraft.world.entity.Mob.aiStep(Mob.java:676) ~[?:?]
	at net.minecraft.world.entity.monster.Monster.aiStep(Monster.java:45) ~[?:?]
	at net.minecraft.world.entity.monster.Zombie.aiStep(Zombie.java:270) ~[?:?]
	at net.minecraft.world.entity.LivingEntity.tick(LivingEntity.java:3066) ~[?:?]
	at net.minecraft.world.entity.Mob.tick(Mob.java:438) ~[?:?]
	at net.minecraft.world.entity.monster.Zombie.tick(Zombie.java:240) ~[?:?]
	at net.minecraft.server.level.ServerLevel.tickNonPassenger(ServerLevel.java:1409) ~[?:?]
	at net.minecraft.world.level.Level.guardEntityTick(Level.java:1318) ~[?:?]
	at net.minecraft.server.level.ServerLevel.lambda$tick$8(ServerLevel.java:916) ~[?:?]
	at net.minecraft.world.level.entity.EntityTickList.forEach(EntityTickList.java:42) ~[paper-1.20.4.jar:git-Paper-499]
	at net.minecraft.server.level.ServerLevel.tick(ServerLevel.java:896) ~[?:?]
	at net.minecraft.server.MinecraftServer.tickChildren(MinecraftServer.java:1724) ~[paper-1.20.4.jar:git-Paper-499]
	at net.minecraft.server.dedicated.DedicatedServer.tickChildren(DedicatedServer.java:447) ~[paper-1.20.4.jar:git-Paper-499]
	at net.minecraft.server.MinecraftServer.tickServer(MinecraftServer.java:1525) ~[paper-1.20.4.jar:git-Paper-499]
	at net.minecraft.server.MinecraftServer.runServer(MinecraftServer.java:1226) ~[paper-1.20.4.jar:git-Paper-499]
	at net.minecraft.server.MinecraftServer.lambda$spin$0(MinecraftServer.java:319) ~[paper-1.20.4.jar:git-Paper-499]
	at java.lang.Thread.run(Thread.java:1583) ~[?:?]
[18:34:11] [Server thread/ERROR]: Could not pass event EntityTargetLivingEntityEvent to EliteEnchantments v2.3.8
java.lang.NullPointerException: Cannot invoke "org.bukkit.entity.Entity.getUniqueId()" because the return value of "org.bukkit.event.entity.EntityTargetEvent.getTarget()" is null
	at net.splodgebox.eliteenchantments.enchants.data.effects.RotDecay.onTarget(RotDecay.java:92) ~[EliteEnchantments.jar:?]
	at com.destroystokyo.paper.event.executor.asm.generated.GeneratedEventExecutor236.execute(Unknown Source) ~[?:?]
	at org.bukkit.plugin.EventExecutor$2.execute(EventExecutor.java:77) ~[paper-api-1.20.4-R0.1-SNAPSHOT.jar:?]
	at co.aikar.timings.TimedEventExecutor.execute(TimedEventExecutor.java:81) ~[paper-api-1.20.4-R0.1-SNAPSHOT.jar:git-Paper-499]
	at org.bukkit.plugin.RegisteredListener.callEvent(RegisteredListener.java:70) ~[paper-api-1.20.4-R0.1-SNAPSHOT.jar:?]
	at io.papermc.paper.plugin.manager.PaperEventManager.callEvent(PaperEventManager.java:54) ~[paper-1.20.4.jar:git-Paper-499]
	at io.papermc.paper.plugin.manager.PaperPluginManagerImpl.callEvent(PaperPluginManagerImpl.java:126) ~[paper-1.20.4.jar:git-Paper-499]
	at org.bukkit.plugin.SimplePluginManager.callEvent(SimplePluginManager.java:615) ~[paper-api-1.20.4-R0.1-SNAPSHOT.jar:?]
	at net.minecraft.world.entity.Mob.setTarget(Mob.java:315) ~[?:?]
	at net.minecraft.world.entity.ai.goal.target.TargetGoal.stop(TargetGoal.java:95) ~[?:?]
	at net.minecraft.world.entity.ai.goal.WrappedGoal.stop(WrappedGoal.java:47) ~[?:?]
	at net.minecraft.world.entity.ai.goal.GoalSelector.tick(GoalSelector.java:135) ~[?:?]
	at net.minecraft.world.entity.Mob.serverAiStep(Mob.java:923) ~[?:?]
	at net.minecraft.world.entity.LivingEntity.aiStep(LivingEntity.java:3417) ~[?:?]
	at net.minecraft.world.entity.Mob.aiStep(Mob.java:676) ~[?:?]
	at net.minecraft.world.entity.monster.Monster.aiStep(Monster.java:45) ~[?:?]
	at net.minecraft.world.entity.monster.Zombie.aiStep(Zombie.java:270) ~[?:?]
	at net.minecraft.world.entity.LivingEntity.tick(LivingEntity.java:3066) ~[?:?]
	at net.minecraft.world.entity.Mob.tick(Mob.java:438) ~[?:?]
	at net.minecraft.world.entity.monster.Zombie.tick(Zombie.java:240) ~[?:?]
	at net.minecraft.server.level.ServerLevel.tickNonPassenger(ServerLevel.java:1409) ~[?:?]
	at net.minecraft.world.level.Level.guardEntityTick(Level.java:1318) ~[?:?]
	at net.minecraft.server.level.ServerLevel.lambda$tick$8(ServerLevel.java:916) ~[?:?]
	at net.minecraft.world.level.entity.EntityTickList.forEach(EntityTickList.java:42) ~[paper-1.20.4.jar:git-Paper-499]
	at net.minecraft.server.level.ServerLevel.tick(ServerLevel.java:896) ~[?:?]
	at net.minecraft.server.MinecraftServer.tickChildren(MinecraftServer.java:1724) ~[paper-1.20.4.jar:git-Paper-499]
	at net.minecraft.server.dedicated.DedicatedServer.tickChildren(DedicatedServer.java:447) ~[paper-1.20.4.jar:git-Paper-499]
	at net.minecraft.server.MinecraftServer.tickServer(MinecraftServer.java:1525) ~[paper-1.20.4.jar:git-Paper-499]
	at net.minecraft.server.MinecraftServer.runServer(MinecraftServer.java:1226) ~[paper-1.20.4.jar:git-Paper-499]
	at net.minecraft.server.MinecraftServer.lambda$spin$0(MinecraftServer.java:319) ~[paper-1.20.4.jar:git-Paper-499]
	at java.lang.Thread.run(Thread.java:1583) ~[?:?]
[18:34:11] [Server thread/ERROR]: Could not pass event EntityTargetLivingEntityEvent to EliteEnchantments v2.3.8
java.lang.NullPointerException: Cannot invoke "org.bukkit.entity.Entity.getUniqueId()" because the return value of "org.bukkit.event.entity.EntityTargetEvent.getTarget()" is null
	at net.splodgebox.eliteenchantments.enchants.data.effects.RotDecay.onTarget(RotDecay.java:92) ~[EliteEnchantments.jar:?]
	at com.destroystokyo.paper.event.executor.asm.generated.GeneratedEventExecutor236.execute(Unknown Source) ~[?:?]
	at org.bukkit.plugin.EventExecutor$2.execute(EventExecutor.java:77) ~[paper-api-1.20.4-R0.1-SNAPSHOT.jar:?]
	at co.aikar.timings.TimedEventExecutor.execute(TimedEventExecutor.java:81) ~[paper-api-1.20.4-R0.1-SNAPSHOT.jar:git-Paper-499]
	at org.bukkit.plugin.RegisteredListener.callEvent(RegisteredListener.java:70) ~[paper-api-1.20.4-R0.1-SNAPSHOT.jar:?]
	at io.papermc.paper.plugin.manager.PaperEventManager.callEvent(PaperEventManager.java:54) ~[paper-1.20.4.jar:git-Paper-499]
	at io.papermc.paper.plugin.manager.PaperPluginManagerImpl.callEvent(PaperPluginManagerImpl.java:126) ~[paper-1.20.4.jar:git-Paper-499]
	at org.bukkit.plugin.SimplePluginManager.callEvent(SimplePluginManager.java:615) ~[paper-api-1.20.4-R0.1-SNAPSHOT.jar:?]
	at net.minecraft.world.entity.Mob.setTarget(Mob.java:315) ~[?:?]
	at net.minecraft.world.entity.ai.goal.target.TargetGoal.stop(TargetGoal.java:95) ~[?:?]
	at net.minecraft.world.entity.ai.goal.WrappedGoal.stop(WrappedGoal.java:47) ~[?:?]
	at net.minecraft.world.entity.ai.goal.GoalSelector.tick(GoalSelector.java:135) ~[?:?]
	at net.minecraft.world.entity.Mob.serverAiStep(Mob.java:923) ~[?:?]
	at net.minecraft.world.entity.LivingEntity.aiStep(LivingEntity.java:3417) ~[?:?]
	at net.minecraft.world.entity.Mob.aiStep(Mob.java:676) ~[?:?]
	at net.minecraft.world.entity.monster.Monster.aiStep(Monster.java:45) ~[?:?]
	at net.minecraft.world.entity.monster.Zombie.aiStep(Zombie.java:270) ~[?:?]
	at net.minecraft.world.entity.LivingEntity.tick(LivingEntity.java:3066) ~[?:?]
	at net.minecraft.world.entity.Mob.tick(Mob.java:438) ~[?:?]
	at net.minecraft.world.entity.monster.Zombie.tick(Zombie.java:240) ~[?:?]
	at net.minecraft.server.level.ServerLevel.tickNonPassenger(ServerLevel.java:1409) ~[?:?]
	at net.minecraft.world.level.Level.guardEntityTick(Level.java:1318) ~[?:?]
	at net.minecraft.server.level.ServerLevel.lambda$tick$8(ServerLevel.java:916) ~[?:?]
	at net.minecraft.world.level.entity.EntityTickList.forEach(EntityTickList.java:42) ~[paper-1.20.4.jar:git-Paper-499]
	at net.minecraft.server.level.ServerLevel.tick(ServerLevel.java:896) ~[?:?]
	at net.minecraft.server.MinecraftServer.tickChildren(MinecraftServer.java:1724) ~[paper-1.20.4.jar:git-Paper-499]
	at net.minecraft.server.dedicated.DedicatedServer.tickChildren(DedicatedServer.java:447) ~[paper-1.20.4.jar:git-Paper-499]
	at net.minecraft.server.MinecraftServer.tickServer(MinecraftServer.java:1525) ~[paper-1.20.4.jar:git-Paper-499]
	at net.minecraft.server.MinecraftServer.runServer(MinecraftServer.java:1226) ~[paper-1.20.4.jar:git-Paper-499]
	at net.minecraft.server.MinecraftServer.lambda$spin$0(MinecraftServer.java:319) ~[paper-1.20.4.jar:git-Paper-499]
	at java.lang.Thread.run(Thread.java:1583) ~[?:?]
[18:34:12] [Server thread/ERROR]: Could not pass event EntityTargetLivingEntityEvent to EliteEnchantments v2.3.8
java.lang.NullPointerException: Cannot invoke "org.bukkit.entity.Entity.getUniqueId()" because the return value of "org.bukkit.event.entity.EntityTargetEvent.getTarget()" is null
	at net.splodgebox.eliteenchantments.enchants.data.effects.RotDecay.onTarget(RotDecay.java:92) ~[EliteEnchantments.jar:?]
	at com.destroystokyo.paper.event.executor.asm.generated.GeneratedEventExecutor236.execute(Unknown Source) ~[?:?]
	at org.bukkit.plugin.EventExecutor$2.execute(EventExecutor.java:77) ~[paper-api-1.20.4-R0.1-SNAPSHOT.jar:?]
	at co.aikar.timings.TimedEventExecutor.execute(TimedEventExecutor.java:81) ~[paper-api-1.20.4-R0.1-SNAPSHOT.jar:git-Paper-499]
	at org.bukkit.plugin.RegisteredListener.callEvent(RegisteredListener.java:70) ~[paper-api-1.20.4-R0.1-SNAPSHOT.jar:?]
	at io.papermc.paper.plugin.manager.PaperEventManager.callEvent(PaperEventManager.java:54) ~[paper-1.20.4.jar:git-Paper-499]
	at io.papermc.paper.plugin.manager.PaperPluginManagerImpl.callEvent(PaperPluginManagerImpl.java:126) ~[paper-1.20.4.jar:git-Paper-499]
	at org.bukkit.plugin.SimplePluginManager.callEvent(SimplePluginManager.java:615) ~[paper-api-1.20.4-R0.1-SNAPSHOT.jar:?]
	at net.minecraft.world.entity.Mob.setTarget(Mob.java:315) ~[?:?]
	at net.minecraft.world.entity.ai.goal.target.TargetGoal.stop(TargetGoal.java:95) ~[?:?]
	at net.minecraft.world.entity.ai.goal.WrappedGoal.stop(WrappedGoal.java:47) ~[?:?]
	at net.minecraft.world.entity.ai.goal.GoalSelector.tick(GoalSelector.java:135) ~[?:?]
	at net.minecraft.world.entity.Mob.serverAiStep(Mob.java:923) ~[?:?]
	at net.minecraft.world.entity.LivingEntity.aiStep(LivingEntity.java:3417) ~[?:?]
	at net.minecraft.world.entity.Mob.aiStep(Mob.java:676) ~[?:?]
	at net.minecraft.world.entity.monster.Monster.aiStep(Monster.java:45) ~[?:?]
	at net.minecraft.world.entity.monster.Zombie.aiStep(Zombie.java:270) ~[?:?]
	at net.minecraft.world.entity.LivingEntity.tick(LivingEntity.java:3066) ~[?:?]
	at net.minecraft.world.entity.Mob.tick(Mob.java:438) ~[?:?]
	at net.minecraft.world.entity.monster.Zombie.tick(Zombie.java:240) ~[?:?]
	at net.minecraft.server.level.ServerLevel.tickNonPassenger(ServerLevel.java:1409) ~[?:?]
	at net.minecraft.world.level.Level.guardEntityTick(Level.java:1318) ~[?:?]
	at net.minecraft.server.level.ServerLevel.lambda$tick$8(ServerLevel.java:916) ~[?:?]
	at net.minecraft.world.level.entity.EntityTickList.forEach(EntityTickList.java:42) ~[paper-1.20.4.jar:git-Paper-499]
	at net.minecraft.server.level.ServerLevel.tick(ServerLevel.java:896) ~[?:?]
	at net.minecraft.server.MinecraftServer.tickChildren(MinecraftServer.java:1724) ~[paper-1.20.4.jar:git-Paper-499]
	at net.minecraft.server.dedicated.DedicatedServer.tickChildren(DedicatedServer.java:447) ~[paper-1.20.4.jar:git-Paper-499]
	at net.minecraft.server.MinecraftServer.tickServer(MinecraftServer.java:1525) ~[paper-1.20.4.jar:git-Paper-499]
	at net.minecraft.server.MinecraftServer.runServer(MinecraftServer.java:1226) ~[paper-1.20.4.jar:git-Paper-499]
	at net.minecraft.server.MinecraftServer.lambda$spin$0(MinecraftServer.java:319) ~[paper-1.20.4.jar:git-Paper-499]
	at java.lang.Thread.run(Thread.java:1583) ~[?:?]
[18:34:13] [Server thread/ERROR]: Could not pass event EntityTargetLivingEntityEvent to EliteEnchantments v2.3.8
java.lang.NullPointerException: Cannot invoke "org.bukkit.entity.Entity.getUniqueId()" because the return value of "org.bukkit.event.entity.EntityTargetEvent.getTarget()" is null
	at net.splodgebox.eliteenchantments.enchants.data.effects.RotDecay.onTarget(RotDecay.java:92) ~[EliteEnchantments.jar:?]
	at com.destroystokyo.paper.event.executor.asm.generated.GeneratedEventExecutor236.execute(Unknown Source) ~[?:?]
	at org.bukkit.plugin.EventExecutor$2.execute(EventExecutor.java:77) ~[paper-api-1.20.4-R0.1-SNAPSHOT.jar:?]
	at co.aikar.timings.TimedEventExecutor.execute(TimedEventExecutor.java:81) ~[paper-api-1.20.4-R0.1-SNAPSHOT.jar:git-Paper-499]
	at org.bukkit.plugin.RegisteredListener.callEvent(RegisteredListener.java:70) ~[paper-api-1.20.4-R0.1-SNAPSHOT.jar:?]
	at io.papermc.paper.plugin.manager.PaperEventManager.callEvent(PaperEventManager.java:54) ~[paper-1.20.4.jar:git-Paper-499]
	at io.papermc.paper.plugin.manager.PaperPluginManagerImpl.callEvent(PaperPluginManagerImpl.java:126) ~[paper-1.20.4.jar:git-Paper-499]
	at org.bukkit.plugin.SimplePluginManager.callEvent(SimplePluginManager.java:615) ~[paper-api-1.20.4-R0.1-SNAPSHOT.jar:?]
	at net.minecraft.world.entity.Mob.setTarget(Mob.java:315) ~[?:?]
	at net.minecraft.world.entity.ai.goal.target.TargetGoal.stop(TargetGoal.java:95) ~[?:?]
	at net.minecraft.world.entity.ai.goal.WrappedGoal.stop(WrappedGoal.java:47) ~[?:?]
	at net.minecraft.world.entity.ai.goal.GoalSelector.tick(GoalSelector.java:135) ~[?:?]
	at net.minecraft.world.entity.Mob.serverAiStep(Mob.java:923) ~[?:?]
	at net.minecraft.world.entity.LivingEntity.aiStep(LivingEntity.java:3417) ~[?:?]
	at net.minecraft.world.entity.Mob.aiStep(Mob.java:676) ~[?:?]
	at net.minecraft.world.entity.monster.Monster.aiStep(Monster.java:45) ~[?:?]
	at net.minecraft.world.entity.monster.Zombie.aiStep(Zombie.java:270) ~[?:?]
	at net.minecraft.world.entity.LivingEntity.tick(LivingEntity.java:3066) ~[?:?]
	at net.minecraft.world.entity.Mob.tick(Mob.java:438) ~[?:?]
	at net.minecraft.world.entity.monster.Zombie.tick(Zombie.java:240) ~[?:?]
	at net.minecraft.server.level.ServerLevel.tickNonPassenger(ServerLevel.java:1409) ~[?:?]
	at net.minecraft.world.level.Level.guardEntityTick(Level.java:1318) ~[?:?]
	at net.minecraft.server.level.ServerLevel.lambda$tick$8(ServerLevel.java:916) ~[?:?]
	at net.minecraft.world.level.entity.EntityTickList.forEach(EntityTickList.java:42) ~[paper-1.20.4.jar:git-Paper-499]
	at net.minecraft.server.level.ServerLevel.tick(ServerLevel.java:896) ~[?:?]
	at net.minecraft.server.MinecraftServer.tickChildren(MinecraftServer.java:1724) ~[paper-1.20.4.jar:git-Paper-499]
	at net.minecraft.server.dedicated.DedicatedServer.tickChildren(DedicatedServer.java:447) ~[paper-1.20.4.jar:git-Paper-499]
	at net.minecraft.server.MinecraftServer.tickServer(MinecraftServer.java:1525) ~[paper-1.20.4.jar:git-Paper-499]
	at net.minecraft.server.MinecraftServer.runServer(MinecraftServer.java:1226) ~[paper-1.20.4.jar:git-Paper-499]
	at net.minecraft.server.MinecraftServer.lambda$spin$0(MinecraftServer.java:319) ~[paper-1.20.4.jar:git-Paper-499]
	at java.lang.Thread.run(Thread.java:1583) ~[?:?]
[18:34:14] [Server thread/ERROR]: Could not pass event EntityTargetLivingEntityEvent to EliteEnchantments v2.3.8
java.lang.NullPointerException: Cannot invoke "org.bukkit.entity.Entity.getUniqueId()" because the return value of "org.bukkit.event.entity.EntityTargetEvent.getTarget()" is null
	at net.splodgebox.eliteenchantments.enchants.data.effects.RotDecay.onTarget(RotDecay.java:92) ~[EliteEnchantments.jar:?]
	at com.destroystokyo.paper.event.executor.asm.generated.GeneratedEventExecutor236.execute(Unknown Source) ~[?:?]
	at org.bukkit.plugin.EventExecutor$2.execute(EventExecutor.java:77) ~[paper-api-1.20.4-R0.1-SNAPSHOT.jar:?]
	at co.aikar.timings.TimedEventExecutor.execute(TimedEventExecutor.java:81) ~[paper-api-1.20.4-R0.1-SNAPSHOT.jar:git-Paper-499]
	at org.bukkit.plugin.RegisteredListener.callEvent(RegisteredListener.java:70) ~[paper-api-1.20.4-R0.1-SNAPSHOT.jar:?]
	at io.papermc.paper.plugin.manager.PaperEventManager.callEvent(PaperEventManager.java:54) ~[paper-1.20.4.jar:git-Paper-499]
	at io.papermc.paper.plugin.manager.PaperPluginManagerImpl.callEvent(PaperPluginManagerImpl.java:126) ~[paper-1.20.4.jar:git-Paper-499]
	at org.bukkit.plugin.SimplePluginManager.callEvent(SimplePluginManager.java:615) ~[paper-api-1.20.4-R0.1-SNAPSHOT.jar:?]
	at net.minecraft.world.entity.Mob.setTarget(Mob.java:315) ~[?:?]
	at net.minecraft.world.entity.ai.goal.target.TargetGoal.stop(TargetGoal.java:95) ~[?:?]
	at net.minecraft.world.entity.ai.goal.WrappedGoal.stop(WrappedGoal.java:47) ~[?:?]
	at net.minecraft.world.entity.ai.goal.GoalSelector.tick(GoalSelector.java:135) ~[?:?]
	at net.minecraft.world.entity.Mob.serverAiStep(Mob.java:923) ~[?:?]
	at net.minecraft.world.entity.LivingEntity.aiStep(LivingEntity.java:3417) ~[?:?]
	at net.minecraft.world.entity.Mob.aiStep(Mob.java:676) ~[?:?]
	at net.minecraft.world.entity.monster.Monster.aiStep(Monster.java:45) ~[?:?]
	at net.minecraft.world.entity.monster.Zombie.aiStep(Zombie.java:270) ~[?:?]
	at net.minecraft.world.entity.LivingEntity.tick(LivingEntity.java:3066) ~[?:?]
	at net.minecraft.world.entity.Mob.tick(Mob.java:438) ~[?:?]
	at net.minecraft.world.entity.monster.Zombie.tick(Zombie.java:240) ~[?:?]
	at net.minecraft.server.level.ServerLevel.tickNonPassenger(ServerLevel.java:1409) ~[?:?]
	at net.minecraft.world.level.Level.guardEntityTick(Level.java:1318) ~[?:?]
	at net.minecraft.server.level.ServerLevel.lambda$tick$8(ServerLevel.java:916) ~[?:?]
	at net.minecraft.world.level.entity.EntityTickList.forEach(EntityTickList.java:42) ~[paper-1.20.4.jar:git-Paper-499]
	at net.minecraft.server.level.ServerLevel.tick(ServerLevel.java:896) ~[?:?]
	at net.minecraft.server.MinecraftServer.tickChildren(MinecraftServer.java:1724) ~[paper-1.20.4.jar:git-Paper-499]
	at net.minecraft.server.dedicated.DedicatedServer.tickChildren(DedicatedServer.java:447) ~[paper-1.20.4.jar:git-Paper-499]
	at net.minecraft.server.MinecraftServer.tickServer(MinecraftServer.java:1525) ~[paper-1.20.4.jar:git-Paper-499]
	at net.minecraft.server.MinecraftServer.runServer(MinecraftServer.java:1226) ~[paper-1.20.4.jar:git-Paper-499]
	at net.minecraft.server.MinecraftServer.lambda$spin$0(MinecraftServer.java:319) ~[paper-1.20.4.jar:git-Paper-499]
	at java.lang.Thread.run(Thread.java:1583) ~[?:?]
[18:34:14] [Server thread/ERROR]: Could not pass event EntityTargetLivingEntityEvent to EliteEnchantments v2.3.8
java.lang.NullPointerException: Cannot invoke "org.bukkit.entity.Entity.getUniqueId()" because the return value of "org.bukkit.event.entity.EntityTargetEvent.getTarget()" is null
	at net.splodgebox.eliteenchantments.enchants.data.effects.RotDecay.onTarget(RotDecay.java:92) ~[EliteEnchantments.jar:?]
	at com.destroystokyo.paper.event.executor.asm.generated.GeneratedEventExecutor236.execute(Unknown Source) ~[?:?]
	at org.bukkit.plugin.EventExecutor$2.execute(EventExecutor.java:77) ~[paper-api-1.20.4-R0.1-SNAPSHOT.jar:?]
	at co.aikar.timings.TimedEventExecutor.execute(TimedEventExecutor.java:81) ~[paper-api-1.20.4-R0.1-SNAPSHOT.jar:git-Paper-499]
	at org.bukkit.plugin.RegisteredListener.callEvent(RegisteredListener.java:70) ~[paper-api-1.20.4-R0.1-SNAPSHOT.jar:?]
	at io.papermc.paper.plugin.manager.PaperEventManager.callEvent(PaperEventManager.java:54) ~[paper-1.20.4.jar:git-Paper-499]
	at io.papermc.paper.plugin.manager.PaperPluginManagerImpl.callEvent(PaperPluginManagerImpl.java:126) ~[paper-1.20.4.jar:git-Paper-499]
	at org.bukkit.plugin.SimplePluginManager.callEvent(SimplePluginManager.java:615) ~[paper-api-1.20.4-R0.1-SNAPSHOT.jar:?]
	at net.minecraft.world.entity.Mob.setTarget(Mob.java:315) ~[?:?]
	at net.minecraft.world.entity.ai.goal.target.TargetGoal.stop(TargetGoal.java:95) ~[?:?]
	at net.minecraft.world.entity.ai.goal.WrappedGoal.stop(WrappedGoal.java:47) ~[?:?]
	at net.minecraft.world.entity.ai.goal.GoalSelector.tick(GoalSelector.java:135) ~[?:?]
	at net.minecraft.world.entity.Mob.serverAiStep(Mob.java:923) ~[?:?]
	at net.minecraft.world.entity.LivingEntity.aiStep(LivingEntity.java:3417) ~[?:?]
	at net.minecraft.world.entity.Mob.aiStep(Mob.java:676) ~[?:?]
	at net.minecraft.world.entity.monster.Monster.aiStep(Monster.java:45) ~[?:?]
	at net.minecraft.world.entity.monster.Zombie.aiStep(Zombie.java:270) ~[?:?]
	at net.minecraft.world.entity.LivingEntity.tick(LivingEntity.java:3066) ~[?:?]
	at net.minecraft.world.entity.Mob.tick(Mob.java:438) ~[?:?]
	at net.minecraft.world.entity.monster.Zombie.tick(Zombie.java:240) ~[?:?]
	at net.minecraft.server.level.ServerLevel.tickNonPassenger(ServerLevel.java:1409) ~[?:?]
	at net.minecraft.world.level.Level.guardEntityTick(Level.java:1318) ~[?:?]
	at net.minecraft.server.level.ServerLevel.lambda$tick$8(ServerLevel.java:916) ~[?:?]
	at net.minecraft.world.level.entity.EntityTickList.forEach(EntityTickList.java:42) ~[paper-1.20.4.jar:git-Paper-499]
	at net.minecraft.server.level.ServerLevel.tick(ServerLevel.java:896) ~[?:?]
	at net.minecraft.server.MinecraftServer.tickChildren(MinecraftServer.java:1724) ~[paper-1.20.4.jar:git-Paper-499]
	at net.minecraft.server.dedicated.DedicatedServer.tickChildren(DedicatedServer.java:447) ~[paper-1.20.4.jar:git-Paper-499]
	at net.minecraft.server.MinecraftServer.tickServer(MinecraftServer.java:1525) ~[paper-1.20.4.jar:git-Paper-499]
	at net.minecraft.server.MinecraftServer.runServer(MinecraftServer.java:1226) ~[paper-1.20.4.jar:git-Paper-499]
	at net.minecraft.server.MinecraftServer.lambda$spin$0(MinecraftServer.java:319) ~[paper-1.20.4.jar:git-Paper-499]
	at java.lang.Thread.run(Thread.java:1583) ~[?:?]
[18:34:15] [Server thread/ERROR]: Could not pass event EntityTargetLivingEntityEvent to EliteEnchantments v2.3.8
java.lang.NullPointerException: Cannot invoke "org.bukkit.entity.Entity.getUniqueId()" because the return value of "org.bukkit.event.entity.EntityTargetEvent.getTarget()" is null
	at net.splodgebox.eliteenchantments.enchants.data.effects.RotDecay.onTarget(RotDecay.java:92) ~[EliteEnchantments.jar:?]
	at com.destroystokyo.paper.event.executor.asm.generated.GeneratedEventExecutor236.execute(Unknown Source) ~[?:?]
	at org.bukkit.plugin.EventExecutor$2.execute(EventExecutor.java:77) ~[paper-api-1.20.4-R0.1-SNAPSHOT.jar:?]
	at co.aikar.timings.TimedEventExecutor.execute(TimedEventExecutor.java:81) ~[paper-api-1.20.4-R0.1-SNAPSHOT.jar:git-Paper-499]
	at org.bukkit.plugin.RegisteredListener.callEvent(RegisteredListener.java:70) ~[paper-api-1.20.4-R0.1-SNAPSHOT.jar:?]
	at io.papermc.paper.plugin.manager.PaperEventManager.callEvent(PaperEventManager.java:54) ~[paper-1.20.4.jar:git-Paper-499]
	at io.papermc.paper.plugin.manager.PaperPluginManagerImpl.callEvent(PaperPluginManagerImpl.java:126) ~[paper-1.20.4.jar:git-Paper-499]
	at org.bukkit.plugin.SimplePluginManager.callEvent(SimplePluginManager.java:615) ~[paper-api-1.20.4-R0.1-SNAPSHOT.jar:?]
	at net.minecraft.world.entity.Mob.setTarget(Mob.java:315) ~[?:?]
	at net.minecraft.world.entity.ai.goal.target.TargetGoal.stop(TargetGoal.java:95) ~[?:?]
	at net.minecraft.world.entity.ai.goal.WrappedGoal.stop(WrappedGoal.java:47) ~[?:?]
	at net.minecraft.world.entity.ai.goal.GoalSelector.tick(GoalSelector.java:135) ~[?:?]
	at net.minecraft.world.entity.Mob.serverAiStep(Mob.java:923) ~[?:?]
	at net.minecraft.world.entity.LivingEntity.aiStep(LivingEntity.java:3417) ~[?:?]
	at net.minecraft.world.entity.Mob.aiStep(Mob.java:676) ~[?:?]
	at net.minecraft.world.entity.monster.Monster.aiStep(Monster.java:45) ~[?:?]
	at net.minecraft.world.entity.monster.Zombie.aiStep(Zombie.java:270) ~[?:?]
	at net.minecraft.world.entity.LivingEntity.tick(LivingEntity.java:3066) ~[?:?]
	at net.minecraft.world.entity.Mob.tick(Mob.java:438) ~[?:?]
	at net.minecraft.world.entity.monster.Zombie.tick(Zombie.java:240) ~[?:?]
	at net.minecraft.server.level.ServerLevel.tickNonPassenger(ServerLevel.java:1409) ~[?:?]
	at net.minecraft.world.level.Level.guardEntityTick(Level.java:1318) ~[?:?]
	at net.minecraft.server.level.ServerLevel.lambda$tick$8(ServerLevel.java:916) ~[?:?]
	at net.minecraft.world.level.entity.EntityTickList.forEach(EntityTickList.java:42) ~[paper-1.20.4.jar:git-Paper-499]
	at net.minecraft.server.level.ServerLevel.tick(ServerLevel.java:896) ~[?:?]
	at net.minecraft.server.MinecraftServer.tickChildren(MinecraftServer.java:1724) ~[paper-1.20.4.jar:git-Paper-499]
	at net.minecraft.server.dedicated.DedicatedServer.tickChildren(DedicatedServer.java:447) ~[paper-1.20.4.jar:git-Paper-499]
	at net.minecraft.server.MinecraftServer.tickServer(MinecraftServer.java:1525) ~[paper-1.20.4.jar:git-Paper-499]
	at net.minecraft.server.MinecraftServer.runServer(MinecraftServer.java:1226) ~[paper-1.20.4.jar:git-Paper-499]
	at net.minecraft.server.MinecraftServer.lambda$spin$0(MinecraftServer.java:319) ~[paper-1.20.4.jar:git-Paper-499]
	at java.lang.Thread.run(Thread.java:1583) ~[?:?]
[18:34:39] [Server thread/ERROR]: Could not pass event EntityTargetLivingEntityEvent to EliteEnchantments v2.3.8
java.lang.NullPointerException: Cannot invoke "org.bukkit.entity.Entity.getUniqueId()" because the return value of "org.bukkit.event.entity.EntityTargetEvent.getTarget()" is null
	at net.splodgebox.eliteenchantments.enchants.data.effects.RotDecay.onTarget(RotDecay.java:92) ~[EliteEnchantments.jar:?]
	at com.destroystokyo.paper.event.executor.asm.generated.GeneratedEventExecutor236.execute(Unknown Source) ~[?:?]
	at org.bukkit.plugin.EventExecutor$2.execute(EventExecutor.java:77) ~[paper-api-1.20.4-R0.1-SNAPSHOT.jar:?]
	at co.aikar.timings.TimedEventExecutor.execute(TimedEventExecutor.java:81) ~[paper-api-1.20.4-R0.1-SNAPSHOT.jar:git-Paper-499]
	at org.bukkit.plugin.RegisteredListener.callEvent(RegisteredListener.java:70) ~[paper-api-1.20.4-R0.1-SNAPSHOT.jar:?]
	at io.papermc.paper.plugin.manager.PaperEventManager.callEvent(PaperEventManager.java:54) ~[paper-1.20.4.jar:git-Paper-499]
	at io.papermc.paper.plugin.manager.PaperPluginManagerImpl.callEvent(PaperPluginManagerImpl.java:126) ~[paper-1.20.4.jar:git-Paper-499]
	at org.bukkit.plugin.SimplePluginManager.callEvent(SimplePluginManager.java:615) ~[paper-api-1.20.4-R0.1-SNAPSHOT.jar:?]
	at net.minecraft.world.entity.Mob.setTarget(Mob.java:315) ~[?:?]
	at net.minecraft.world.entity.ai.goal.target.TargetGoal.stop(TargetGoal.java:95) ~[?:?]
	at net.minecraft.world.entity.ai.goal.WrappedGoal.stop(WrappedGoal.java:47) ~[?:?]
	at net.minecraft.world.entity.ai.goal.GoalSelector.tick(GoalSelector.java:135) ~[?:?]
	at net.minecraft.world.entity.Mob.serverAiStep(Mob.java:923) ~[?:?]
	at net.minecraft.world.entity.LivingEntity.aiStep(LivingEntity.java:3417) ~[?:?]
	at net.minecraft.world.entity.Mob.aiStep(Mob.java:676) ~[?:?]
	at net.minecraft.world.entity.monster.Monster.aiStep(Monster.java:45) ~[?:?]
	at net.minecraft.world.entity.monster.Zombie.aiStep(Zombie.java:270) ~[?:?]
	at net.minecraft.world.entity.LivingEntity.tick(LivingEntity.java:3066) ~[?:?]
	at net.minecraft.world.entity.Mob.tick(Mob.java:438) ~[?:?]
	at net.minecraft.world.entity.monster.Zombie.tick(Zombie.java:240) ~[?:?]
	at net.minecraft.server.level.ServerLevel.tickNonPassenger(ServerLevel.java:1409) ~[?:?]
	at net.minecraft.world.level.Level.guardEntityTick(Level.java:1318) ~[?:?]
	at net.minecraft.server.level.ServerLevel.lambda$tick$8(ServerLevel.java:916) ~[?:?]
	at net.minecraft.world.level.entity.EntityTickList.forEach(EntityTickList.java:42) ~[paper-1.20.4.jar:git-Paper-499]
	at net.minecraft.server.level.ServerLevel.tick(ServerLevel.java:896) ~[?:?]
	at net.minecraft.server.MinecraftServer.tickChildren(MinecraftServer.java:1724) ~[paper-1.20.4.jar:git-Paper-499]
	at net.minecraft.server.dedicated.DedicatedServer.tickChildren(DedicatedServer.java:447) ~[paper-1.20.4.jar:git-Paper-499]
	at net.minecraft.server.MinecraftServer.tickServer(MinecraftServer.java:1525) ~[paper-1.20.4.jar:git-Paper-499]
	at net.minecraft.server.MinecraftServer.runServer(MinecraftServer.java:1226) ~[paper-1.20.4.jar:git-Paper-499]
	at net.minecraft.server.MinecraftServer.lambda$spin$0(MinecraftServer.java:319) ~[paper-1.20.4.jar:git-Paper-499]
	at java.lang.Thread.run(Thread.java:1583) ~[?:?]
[18:34:39] [Server thread/ERROR]: Could not pass event EntityTargetLivingEntityEvent to EliteEnchantments v2.3.8
java.lang.NullPointerException: Cannot invoke "org.bukkit.entity.Entity.getUniqueId()" because the return value of "org.bukkit.event.entity.EntityTargetEvent.getTarget()" is null
	at net.splodgebox.eliteenchantments.enchants.data.effects.RotDecay.onTarget(RotDecay.java:92) ~[EliteEnchantments.jar:?]
	at com.destroystokyo.paper.event.executor.asm.generated.GeneratedEventExecutor236.execute(Unknown Source) ~[?:?]
	at org.bukkit.plugin.EventExecutor$2.execute(EventExecutor.java:77) ~[paper-api-1.20.4-R0.1-SNAPSHOT.jar:?]
	at co.aikar.timings.TimedEventExecutor.execute(TimedEventExecutor.java:81) ~[paper-api-1.20.4-R0.1-SNAPSHOT.jar:git-Paper-499]
	at org.bukkit.plugin.RegisteredListener.callEvent(RegisteredListener.java:70) ~[paper-api-1.20.4-R0.1-SNAPSHOT.jar:?]
	at io.papermc.paper.plugin.manager.PaperEventManager.callEvent(PaperEventManager.java:54) ~[paper-1.20.4.jar:git-Paper-499]
	at io.papermc.paper.plugin.manager.PaperPluginManagerImpl.callEvent(PaperPluginManagerImpl.java:126) ~[paper-1.20.4.jar:git-Paper-499]
	at org.bukkit.plugin.SimplePluginManager.callEvent(SimplePluginManager.java:615) ~[paper-api-1.20.4-R0.1-SNAPSHOT.jar:?]
	at net.minecraft.world.entity.Mob.setTarget(Mob.java:315) ~[?:?]
	at net.minecraft.world.entity.ai.goal.target.TargetGoal.stop(TargetGoal.java:95) ~[?:?]
	at net.minecraft.world.entity.ai.goal.WrappedGoal.stop(WrappedGoal.java:47) ~[?:?]
	at net.minecraft.world.entity.ai.goal.GoalSelector.tick(GoalSelector.java:135) ~[?:?]
	at net.minecraft.world.entity.Mob.serverAiStep(Mob.java:923) ~[?:?]
	at net.minecraft.world.entity.LivingEntity.aiStep(LivingEntity.java:3417) ~[?:?]
	at net.minecraft.world.entity.Mob.aiStep(Mob.java:676) ~[?:?]
	at net.minecraft.world.entity.monster.Monster.aiStep(Monster.java:45) ~[?:?]
	at net.minecraft.world.entity.monster.Zombie.aiStep(Zombie.java:270) ~[?:?]
	at net.minecraft.world.entity.LivingEntity.tick(LivingEntity.java:3066) ~[?:?]
	at net.minecraft.world.entity.Mob.tick(Mob.java:438) ~[?:?]
	at net.minecraft.world.entity.monster.Zombie.tick(Zombie.java:240) ~[?:?]
	at net.minecraft.server.level.ServerLevel.tickNonPassenger(ServerLevel.java:1409) ~[?:?]
	at net.minecraft.world.level.Level.guardEntityTick(Level.java:1318) ~[?:?]
	at net.minecraft.server.level.ServerLevel.lambda$tick$8(ServerLevel.java:916) ~[?:?]
	at net.minecraft.world.level.entity.EntityTickList.forEach(EntityTickList.java:42) ~[paper-1.20.4.jar:git-Paper-499]
	at net.minecraft.server.level.ServerLevel.tick(ServerLevel.java:896) ~[?:?]
	at net.minecraft.server.MinecraftServer.tickChildren(MinecraftServer.java:1724) ~[paper-1.20.4.jar:git-Paper-499]
	at net.minecraft.server.dedicated.DedicatedServer.tickChildren(DedicatedServer.java:447) ~[paper-1.20.4.jar:git-Paper-499]
	at net.minecraft.server.MinecraftServer.tickServer(MinecraftServer.java:1525) ~[paper-1.20.4.jar:git-Paper-499]
	at net.minecraft.server.MinecraftServer.runServer(MinecraftServer.java:1226) ~[paper-1.20.4.jar:git-Paper-499]
	at net.minecraft.server.MinecraftServer.lambda$spin$0(MinecraftServer.java:319) ~[paper-1.20.4.jar:git-Paper-499]
	at java.lang.Thread.run(Thread.java:1583) ~[?:?]
[18:34:39] [Server thread/ERROR]: Could not pass event EntityTargetLivingEntityEvent to EliteEnchantments v2.3.8
java.lang.NullPointerException: Cannot invoke "org.bukkit.entity.Entity.getUniqueId()" because the return value of "org.bukkit.event.entity.EntityTargetEvent.getTarget()" is null
	at net.splodgebox.eliteenchantments.enchants.data.effects.RotDecay.onTarget(RotDecay.java:92) ~[EliteEnchantments.jar:?]
	at com.destroystokyo.paper.event.executor.asm.generated.GeneratedEventExecutor236.execute(Unknown Source) ~[?:?]
	at org.bukkit.plugin.EventExecutor$2.execute(EventExecutor.java:77) ~[paper-api-1.20.4-R0.1-SNAPSHOT.jar:?]
	at co.aikar.timings.TimedEventExecutor.execute(TimedEventExecutor.java:81) ~[paper-api-1.20.4-R0.1-SNAPSHOT.jar:git-Paper-499]
	at org.bukkit.plugin.RegisteredListener.callEvent(RegisteredListener.java:70) ~[paper-api-1.20.4-R0.1-SNAPSHOT.jar:?]
	at io.papermc.paper.plugin.manager.PaperEventManager.callEvent(PaperEventManager.java:54) ~[paper-1.20.4.jar:git-Paper-499]
	at io.papermc.paper.plugin.manager.PaperPluginManagerImpl.callEvent(PaperPluginManagerImpl.java:126) ~[paper-1.20.4.jar:git-Paper-499]
	at org.bukkit.plugin.SimplePluginManager.callEvent(SimplePluginManager.java:615) ~[paper-api-1.20.4-R0.1-SNAPSHOT.jar:?]
	at net.minecraft.world.entity.Mob.setTarget(Mob.java:315) ~[?:?]
	at net.minecraft.world.entity.ai.goal.target.TargetGoal.stop(TargetGoal.java:95) ~[?:?]
	at net.minecraft.world.entity.ai.goal.WrappedGoal.stop(WrappedGoal.java:47) ~[?:?]
	at net.minecraft.world.entity.ai.goal.GoalSelector.tick(GoalSelector.java:135) ~[?:?]
	at net.minecraft.world.entity.Mob.serverAiStep(Mob.java:923) ~[?:?]
	at net.minecraft.world.entity.LivingEntity.aiStep(LivingEntity.java:3417) ~[?:?]
	at net.minecraft.world.entity.Mob.aiStep(Mob.java:676) ~[?:?]
	at net.minecraft.world.entity.monster.Monster.aiStep(Monster.java:45) ~[?:?]
	at net.minecraft.world.entity.monster.Zombie.aiStep(Zombie.java:270) ~[?:?]
	at net.minecraft.world.entity.LivingEntity.tick(LivingEntity.java:3066) ~[?:?]
	at net.minecraft.world.entity.Mob.tick(Mob.java:438) ~[?:?]
	at net.minecraft.world.entity.monster.Zombie.tick(Zombie.java:240) ~[?:?]
	at net.minecraft.server.level.ServerLevel.tickNonPassenger(ServerLevel.java:1409) ~[?:?]
	at net.minecraft.world.level.Level.guardEntityTick(Level.java:1318) ~[?:?]
	at net.minecraft.server.level.ServerLevel.lambda$tick$8(ServerLevel.java:916) ~[?:?]
	at net.minecraft.world.level.entity.EntityTickList.forEach(EntityTickList.java:42) ~[paper-1.20.4.jar:git-Paper-499]
	at net.minecraft.server.level.ServerLevel.tick(ServerLevel.java:896) ~[?:?]
	at net.minecraft.server.MinecraftServer.tickChildren(MinecraftServer.java:1724) ~[paper-1.20.4.jar:git-Paper-499]
	at net.minecraft.server.dedicated.DedicatedServer.tickChildren(DedicatedServer.java:447) ~[paper-1.20.4.jar:git-Paper-499]
	at net.minecraft.server.MinecraftServer.tickServer(MinecraftServer.java:1525) ~[paper-1.20.4.jar:git-Paper-499]
	at net.minecraft.server.MinecraftServer.runServer(MinecraftServer.java:1226) ~[paper-1.20.4.jar:git-Paper-499]
	at net.minecraft.server.MinecraftServer.lambda$spin$0(MinecraftServer.java:319) ~[paper-1.20.4.jar:git-Paper-499]
	at java.lang.Thread.run(Thread.java:1583) ~[?:?]
[18:34:41] [Server thread/ERROR]: Could not pass event EntityTargetLivingEntityEvent to EliteEnchantments v2.3.8
java.lang.NullPointerException: Cannot invoke "org.bukkit.entity.Entity.getUniqueId()" because the return value of "org.bukkit.event.entity.EntityTargetEvent.getTarget()" is null
	at net.splodgebox.eliteenchantments.enchants.data.effects.RotDecay.onTarget(RotDecay.java:92) ~[EliteEnchantments.jar:?]
	at com.destroystokyo.paper.event.executor.asm.generated.GeneratedEventExecutor236.execute(Unknown Source) ~[?:?]
	at org.bukkit.plugin.EventExecutor$2.execute(EventExecutor.java:77) ~[paper-api-1.20.4-R0.1-SNAPSHOT.jar:?]
	at co.aikar.timings.TimedEventExecutor.execute(TimedEventExecutor.java:81) ~[paper-api-1.20.4-R0.1-SNAPSHOT.jar:git-Paper-499]
	at org.bukkit.plugin.RegisteredListener.callEvent(RegisteredListener.java:70) ~[paper-api-1.20.4-R0.1-SNAPSHOT.jar:?]
	at io.papermc.paper.plugin.manager.PaperEventManager.callEvent(PaperEventManager.java:54) ~[paper-1.20.4.jar:git-Paper-499]
	at io.papermc.paper.plugin.manager.PaperPluginManagerImpl.callEvent(PaperPluginManagerImpl.java:126) ~[paper-1.20.4.jar:git-Paper-499]
	at org.bukkit.plugin.SimplePluginManager.callEvent(SimplePluginManager.java:615) ~[paper-api-1.20.4-R0.1-SNAPSHOT.jar:?]
	at net.minecraft.world.entity.Mob.setTarget(Mob.java:315) ~[?:?]
	at net.minecraft.world.entity.ai.goal.target.TargetGoal.stop(TargetGoal.java:95) ~[?:?]
	at net.minecraft.world.entity.ai.goal.WrappedGoal.stop(WrappedGoal.java:47) ~[?:?]
	at net.minecraft.world.entity.ai.goal.GoalSelector.tick(GoalSelector.java:135) ~[?:?]
	at net.minecraft.world.entity.Mob.serverAiStep(Mob.java:923) ~[?:?]
	at net.minecraft.world.entity.LivingEntity.aiStep(LivingEntity.java:3417) ~[?:?]
	at net.minecraft.world.entity.Mob.aiStep(Mob.java:676) ~[?:?]
	at net.minecraft.world.entity.monster.Monster.aiStep(Monster.java:45) ~[?:?]
	at net.minecraft.world.entity.monster.Zombie.aiStep(Zombie.java:270) ~[?:?]
	at net.minecraft.world.entity.LivingEntity.tick(LivingEntity.java:3066) ~[?:?]
	at net.minecraft.world.entity.Mob.tick(Mob.java:438) ~[?:?]
	at net.minecraft.world.entity.monster.Zombie.tick(Zombie.java:240) ~[?:?]
	at net.minecraft.server.level.ServerLevel.tickNonPassenger(ServerLevel.java:1409) ~[?:?]
	at net.minecraft.world.level.Level.guardEntityTick(Level.java:1318) ~[?:?]
	at net.minecraft.server.level.ServerLevel.lambda$tick$8(ServerLevel.java:916) ~[?:?]
	at net.minecraft.world.level.entity.EntityTickList.forEach(EntityTickList.java:42) ~[paper-1.20.4.jar:git-Paper-499]
	at net.minecraft.server.level.ServerLevel.tick(ServerLevel.java:896) ~[?:?]
	at net.minecraft.server.MinecraftServer.tickChildren(MinecraftServer.java:1724) ~[paper-1.20.4.jar:git-Paper-499]
	at net.minecraft.server.dedicated.DedicatedServer.tickChildren(DedicatedServer.java:447) ~[paper-1.20.4.jar:git-Paper-499]
	at net.minecraft.server.MinecraftServer.tickServer(MinecraftServer.java:1525) ~[paper-1.20.4.jar:git-Paper-499]
	at net.minecraft.server.MinecraftServer.runServer(MinecraftServer.java:1226) ~[paper-1.20.4.jar:git-Paper-499]
	at net.minecraft.server.MinecraftServer.lambda$spin$0(MinecraftServer.java:319) ~[paper-1.20.4.jar:git-Paper-499]
	at java.lang.Thread.run(Thread.java:1583) ~[?:?]
[18:34:42] [Server thread/ERROR]: Could not pass event EntityTargetLivingEntityEvent to EliteEnchantments v2.3.8
java.lang.NullPointerException: Cannot invoke "org.bukkit.entity.Entity.getUniqueId()" because the return value of "org.bukkit.event.entity.EntityTargetEvent.getTarget()" is null
	at net.splodgebox.eliteenchantments.enchants.data.effects.RotDecay.onTarget(RotDecay.java:92) ~[EliteEnchantments.jar:?]
	at com.destroystokyo.paper.event.executor.asm.generated.GeneratedEventExecutor236.execute(Unknown Source) ~[?:?]
	at org.bukkit.plugin.EventExecutor$2.execute(EventExecutor.java:77) ~[paper-api-1.20.4-R0.1-SNAPSHOT.jar:?]
	at co.aikar.timings.TimedEventExecutor.execute(TimedEventExecutor.java:81) ~[paper-api-1.20.4-R0.1-SNAPSHOT.jar:git-Paper-499]
	at org.bukkit.plugin.RegisteredListener.callEvent(RegisteredListener.java:70) ~[paper-api-1.20.4-R0.1-SNAPSHOT.jar:?]
	at io.papermc.paper.plugin.manager.PaperEventManager.callEvent(PaperEventManager.java:54) ~[paper-1.20.4.jar:git-Paper-499]
	at io.papermc.paper.plugin.manager.PaperPluginManagerImpl.callEvent(PaperPluginManagerImpl.java:126) ~[paper-1.20.4.jar:git-Paper-499]
	at org.bukkit.plugin.SimplePluginManager.callEvent(SimplePluginManager.java:615) ~[paper-api-1.20.4-R0.1-SNAPSHOT.jar:?]
	at net.minecraft.world.entity.Mob.setTarget(Mob.java:315) ~[?:?]
	at net.minecraft.world.entity.ai.goal.target.TargetGoal.stop(TargetGoal.java:95) ~[?:?]
	at net.minecraft.world.entity.ai.goal.WrappedGoal.stop(WrappedGoal.java:47) ~[?:?]
	at net.minecraft.world.entity.ai.goal.GoalSelector.tick(GoalSelector.java:135) ~[?:?]
	at net.minecraft.world.entity.Mob.serverAiStep(Mob.java:923) ~[?:?]
	at net.minecraft.world.entity.LivingEntity.aiStep(LivingEntity.java:3417) ~[?:?]
	at net.minecraft.world.entity.Mob.aiStep(Mob.java:676) ~[?:?]
	at net.minecraft.world.entity.monster.Monster.aiStep(Monster.java:45) ~[?:?]
	at net.minecraft.world.entity.monster.Zombie.aiStep(Zombie.java:270) ~[?:?]
	at net.minecraft.world.entity.LivingEntity.tick(LivingEntity.java:3066) ~[?:?]
	at net.minecraft.world.entity.Mob.tick(Mob.java:438) ~[?:?]
	at net.minecraft.world.entity.monster.Zombie.tick(Zombie.java:240) ~[?:?]
	at net.minecraft.server.level.ServerLevel.tickNonPassenger(ServerLevel.java:1409) ~[?:?]
	at net.minecraft.world.level.Level.guardEntityTick(Level.java:1318) ~[?:?]
	at net.minecraft.server.level.ServerLevel.lambda$tick$8(ServerLevel.java:916) ~[?:?]
	at net.minecraft.world.level.entity.EntityTickList.forEach(EntityTickList.java:42) ~[paper-1.20.4.jar:git-Paper-499]
	at net.minecraft.server.level.ServerLevel.tick(ServerLevel.java:896) ~[?:?]
	at net.minecraft.server.MinecraftServer.tickChildren(MinecraftServer.java:1724) ~[paper-1.20.4.jar:git-Paper-499]
	at net.minecraft.server.dedicated.DedicatedServer.tickChildren(DedicatedServer.java:447) ~[paper-1.20.4.jar:git-Paper-499]
	at net.minecraft.server.MinecraftServer.tickServer(MinecraftServer.java:1525) ~[paper-1.20.4.jar:git-Paper-499]
	at net.minecraft.server.MinecraftServer.runServer(MinecraftServer.java:1226) ~[paper-1.20.4.jar:git-Paper-499]
	at net.minecraft.server.MinecraftServer.lambda$spin$0(MinecraftServer.java:319) ~[paper-1.20.4.jar:git-Paper-499]
	at java.lang.Thread.run(Thread.java:1583) ~[?:?]
[18:34:54] [Server thread/WARN]: Can't keep up! Is the server overloaded? Running 3585ms or 71 ticks behind
[18:34:55] [Server thread/INFO]: HeldMango2526 was slain by Enforcer ♥ 202/250
[18:35:00] [Server thread/INFO]: HeldMango2526 issued server command: /fly
[18:35:03] [Server thread/INFO]: HeldMango2526 issued server command: /flyspeed 10
[18:35:21] [Server thread/INFO]: HeldMango2526 issued server command: /flyspeed 1
[18:35:31] [Server thread/INFO]: HeldMango2526 issued server command: /fly
[18:35:53] [Server thread/INFO]: HeldMango2526 issued server command: /gmc
[18:36:36] [Server thread/INFO]: HeldMango2526 issued server command: /fix all
[18:36:38] [Server thread/INFO]: HeldMango2526 issued server command: /gms
[18:37:20] [Server thread/INFO]: HeldMango2526 was slain by Enforcer ♥ 205/250
[18:37:24] [Server thread/INFO]: HeldMango2526 issued server command: /fly
[18:39:40] [Server thread/INFO]: HeldMango2526 issued server command: /madguards reload
[18:39:48] [Server thread/INFO]: HeldMango2526 was slain by Enforcer ♥ 243/250
[18:39:52] [Server thread/INFO]: HeldMango2526 issued server command: /fly
[18:39:57] [Server thread/WARN]: Can't keep up! Is the server overloaded? Running 2929ms or 58 ticks behind
[18:39:57] [Server thread/WARN]: HeldMango2526 moved too quickly! -11.856709998480383,15.893035816110881,28.552422103243504
[18:40:36] [Server thread/INFO]: HeldMango2526 issued server command: /madguards:clearallnpcs
[18:40:45] [Server thread/INFO]: HeldMango2526 issued server command: /spawnguard 2
[18:40:45] [Server thread/INFO]: [MadGuards] Spawning ENFORCER with health: 250.0
[18:40:57] [Server thread/INFO]: [Essentials] Created a User for CIT-3be2712add07 (3be2712a-dd07-2391-b2cd-b01fe6d3fb5a) for non Bukkit type: net.citizensnpcs.nms.v1_20_R3.entity.EntityHumanNPC$PlayerNPC
[18:41:04] [Server thread/ERROR]: Could not pass event EntityTargetLivingEntityEvent to EliteEnchantments v2.3.8
java.lang.NullPointerException: Cannot invoke "org.bukkit.entity.Entity.getUniqueId()" because the return value of "org.bukkit.event.entity.EntityTargetEvent.getTarget()" is null
	at net.splodgebox.eliteenchantments.enchants.data.effects.RotDecay.onTarget(RotDecay.java:92) ~[EliteEnchantments.jar:?]
	at com.destroystokyo.paper.event.executor.asm.generated.GeneratedEventExecutor236.execute(Unknown Source) ~[?:?]
	at org.bukkit.plugin.EventExecutor$2.execute(EventExecutor.java:77) ~[paper-api-1.20.4-R0.1-SNAPSHOT.jar:?]
	at co.aikar.timings.TimedEventExecutor.execute(TimedEventExecutor.java:81) ~[paper-api-1.20.4-R0.1-SNAPSHOT.jar:git-Paper-499]
	at org.bukkit.plugin.RegisteredListener.callEvent(RegisteredListener.java:70) ~[paper-api-1.20.4-R0.1-SNAPSHOT.jar:?]
	at io.papermc.paper.plugin.manager.PaperEventManager.callEvent(PaperEventManager.java:54) ~[paper-1.20.4.jar:git-Paper-499]
	at io.papermc.paper.plugin.manager.PaperPluginManagerImpl.callEvent(PaperPluginManagerImpl.java:126) ~[paper-1.20.4.jar:git-Paper-499]
	at org.bukkit.plugin.SimplePluginManager.callEvent(SimplePluginManager.java:615) ~[paper-api-1.20.4-R0.1-SNAPSHOT.jar:?]
	at net.minecraft.world.entity.Mob.setTarget(Mob.java:315) ~[?:?]
	at net.minecraft.world.entity.ai.goal.target.TargetGoal.stop(TargetGoal.java:95) ~[?:?]
	at net.minecraft.world.entity.ai.goal.WrappedGoal.stop(WrappedGoal.java:47) ~[?:?]
	at net.minecraft.world.entity.ai.goal.GoalSelector.tick(GoalSelector.java:135) ~[?:?]
	at net.minecraft.world.entity.Mob.serverAiStep(Mob.java:923) ~[?:?]
	at net.minecraft.world.entity.LivingEntity.aiStep(LivingEntity.java:3417) ~[?:?]
	at net.minecraft.world.entity.Mob.aiStep(Mob.java:676) ~[?:?]
	at net.minecraft.world.entity.monster.Monster.aiStep(Monster.java:45) ~[?:?]
	at net.minecraft.world.entity.monster.Zombie.aiStep(Zombie.java:270) ~[?:?]
	at net.minecraft.world.entity.LivingEntity.tick(LivingEntity.java:3066) ~[?:?]
	at net.minecraft.world.entity.Mob.tick(Mob.java:438) ~[?:?]
	at net.minecraft.world.entity.monster.Zombie.tick(Zombie.java:240) ~[?:?]
	at net.minecraft.server.level.ServerLevel.tickNonPassenger(ServerLevel.java:1409) ~[?:?]
	at net.minecraft.world.level.Level.guardEntityTick(Level.java:1318) ~[?:?]
	at net.minecraft.server.level.ServerLevel.lambda$tick$8(ServerLevel.java:916) ~[?:?]
	at net.minecraft.world.level.entity.EntityTickList.forEach(EntityTickList.java:42) ~[paper-1.20.4.jar:git-Paper-499]
	at net.minecraft.server.level.ServerLevel.tick(ServerLevel.java:896) ~[?:?]
	at net.minecraft.server.MinecraftServer.tickChildren(MinecraftServer.java:1724) ~[paper-1.20.4.jar:git-Paper-499]
	at net.minecraft.server.dedicated.DedicatedServer.tickChildren(DedicatedServer.java:447) ~[paper-1.20.4.jar:git-Paper-499]
	at net.minecraft.server.MinecraftServer.tickServer(MinecraftServer.java:1525) ~[paper-1.20.4.jar:git-Paper-499]
	at net.minecraft.server.MinecraftServer.runServer(MinecraftServer.java:1226) ~[paper-1.20.4.jar:git-Paper-499]
	at net.minecraft.server.MinecraftServer.lambda$spin$0(MinecraftServer.java:319) ~[paper-1.20.4.jar:git-Paper-499]
	at java.lang.Thread.run(Thread.java:1583) ~[?:?]
[18:41:04] [Server thread/ERROR]: Could not pass event EntityTargetLivingEntityEvent to EliteEnchantments v2.3.8
java.lang.NullPointerException: Cannot invoke "org.bukkit.entity.Entity.getUniqueId()" because the return value of "org.bukkit.event.entity.EntityTargetEvent.getTarget()" is null
	at net.splodgebox.eliteenchantments.enchants.data.effects.RotDecay.onTarget(RotDecay.java:92) ~[EliteEnchantments.jar:?]
	at com.destroystokyo.paper.event.executor.asm.generated.GeneratedEventExecutor236.execute(Unknown Source) ~[?:?]
	at org.bukkit.plugin.EventExecutor$2.execute(EventExecutor.java:77) ~[paper-api-1.20.4-R0.1-SNAPSHOT.jar:?]
	at co.aikar.timings.TimedEventExecutor.execute(TimedEventExecutor.java:81) ~[paper-api-1.20.4-R0.1-SNAPSHOT.jar:git-Paper-499]
	at org.bukkit.plugin.RegisteredListener.callEvent(RegisteredListener.java:70) ~[paper-api-1.20.4-R0.1-SNAPSHOT.jar:?]
	at io.papermc.paper.plugin.manager.PaperEventManager.callEvent(PaperEventManager.java:54) ~[paper-1.20.4.jar:git-Paper-499]
	at io.papermc.paper.plugin.manager.PaperPluginManagerImpl.callEvent(PaperPluginManagerImpl.java:126) ~[paper-1.20.4.jar:git-Paper-499]
	at org.bukkit.plugin.SimplePluginManager.callEvent(SimplePluginManager.java:615) ~[paper-api-1.20.4-R0.1-SNAPSHOT.jar:?]
	at net.minecraft.world.entity.Mob.setTarget(Mob.java:315) ~[?:?]
	at net.minecraft.world.entity.ai.goal.target.TargetGoal.stop(TargetGoal.java:95) ~[?:?]
	at net.minecraft.world.entity.ai.goal.WrappedGoal.stop(WrappedGoal.java:47) ~[?:?]
	at net.minecraft.world.entity.ai.goal.GoalSelector.tick(GoalSelector.java:135) ~[?:?]
	at net.minecraft.world.entity.Mob.serverAiStep(Mob.java:923) ~[?:?]
	at net.minecraft.world.entity.LivingEntity.aiStep(LivingEntity.java:3417) ~[?:?]
	at net.minecraft.world.entity.Mob.aiStep(Mob.java:676) ~[?:?]
	at net.minecraft.world.entity.monster.Monster.aiStep(Monster.java:45) ~[?:?]
	at net.minecraft.world.entity.monster.Zombie.aiStep(Zombie.java:270) ~[?:?]
	at net.minecraft.world.entity.LivingEntity.tick(LivingEntity.java:3066) ~[?:?]
	at net.minecraft.world.entity.Mob.tick(Mob.java:438) ~[?:?]
	at net.minecraft.world.entity.monster.Zombie.tick(Zombie.java:240) ~[?:?]
	at net.minecraft.server.level.ServerLevel.tickNonPassenger(ServerLevel.java:1409) ~[?:?]
	at net.minecraft.world.level.Level.guardEntityTick(Level.java:1318) ~[?:?]
	at net.minecraft.server.level.ServerLevel.lambda$tick$8(ServerLevel.java:916) ~[?:?]
	at net.minecraft.world.level.entity.EntityTickList.forEach(EntityTickList.java:42) ~[paper-1.20.4.jar:git-Paper-499]
	at net.minecraft.server.level.ServerLevel.tick(ServerLevel.java:896) ~[?:?]
	at net.minecraft.server.MinecraftServer.tickChildren(MinecraftServer.java:1724) ~[paper-1.20.4.jar:git-Paper-499]
	at net.minecraft.server.dedicated.DedicatedServer.tickChildren(DedicatedServer.java:447) ~[paper-1.20.4.jar:git-Paper-499]
	at net.minecraft.server.MinecraftServer.tickServer(MinecraftServer.java:1525) ~[paper-1.20.4.jar:git-Paper-499]
	at net.minecraft.server.MinecraftServer.runServer(MinecraftServer.java:1226) ~[paper-1.20.4.jar:git-Paper-499]
	at net.minecraft.server.MinecraftServer.lambda$spin$0(MinecraftServer.java:319) ~[paper-1.20.4.jar:git-Paper-499]
	at java.lang.Thread.run(Thread.java:1583) ~[?:?]
[18:41:04] [Server thread/ERROR]: Could not pass event EntityTargetLivingEntityEvent to EliteEnchantments v2.3.8
java.lang.NullPointerException: Cannot invoke "org.bukkit.entity.Entity.getUniqueId()" because the return value of "org.bukkit.event.entity.EntityTargetEvent.getTarget()" is null
	at net.splodgebox.eliteenchantments.enchants.data.effects.RotDecay.onTarget(RotDecay.java:92) ~[EliteEnchantments.jar:?]
	at com.destroystokyo.paper.event.executor.asm.generated.GeneratedEventExecutor236.execute(Unknown Source) ~[?:?]
	at org.bukkit.plugin.EventExecutor$2.execute(EventExecutor.java:77) ~[paper-api-1.20.4-R0.1-SNAPSHOT.jar:?]
	at co.aikar.timings.TimedEventExecutor.execute(TimedEventExecutor.java:81) ~[paper-api-1.20.4-R0.1-SNAPSHOT.jar:git-Paper-499]
	at org.bukkit.plugin.RegisteredListener.callEvent(RegisteredListener.java:70) ~[paper-api-1.20.4-R0.1-SNAPSHOT.jar:?]
	at io.papermc.paper.plugin.manager.PaperEventManager.callEvent(PaperEventManager.java:54) ~[paper-1.20.4.jar:git-Paper-499]
	at io.papermc.paper.plugin.manager.PaperPluginManagerImpl.callEvent(PaperPluginManagerImpl.java:126) ~[paper-1.20.4.jar:git-Paper-499]
	at org.bukkit.plugin.SimplePluginManager.callEvent(SimplePluginManager.java:615) ~[paper-api-1.20.4-R0.1-SNAPSHOT.jar:?]
	at net.minecraft.world.entity.Mob.setTarget(Mob.java:315) ~[?:?]
	at net.minecraft.world.entity.ai.goal.target.TargetGoal.stop(TargetGoal.java:95) ~[?:?]
	at net.minecraft.world.entity.ai.goal.WrappedGoal.stop(WrappedGoal.java:47) ~[?:?]
	at net.minecraft.world.entity.ai.goal.GoalSelector.tick(GoalSelector.java:135) ~[?:?]
	at net.minecraft.world.entity.Mob.serverAiStep(Mob.java:923) ~[?:?]
	at net.minecraft.world.entity.LivingEntity.aiStep(LivingEntity.java:3417) ~[?:?]
	at net.minecraft.world.entity.Mob.aiStep(Mob.java:676) ~[?:?]
	at net.minecraft.world.entity.monster.Monster.aiStep(Monster.java:45) ~[?:?]
	at net.minecraft.world.entity.monster.Zombie.aiStep(Zombie.java:270) ~[?:?]
	at net.minecraft.world.entity.LivingEntity.tick(LivingEntity.java:3066) ~[?:?]
	at net.minecraft.world.entity.Mob.tick(Mob.java:438) ~[?:?]
	at net.minecraft.world.entity.monster.Zombie.tick(Zombie.java:240) ~[?:?]
	at net.minecraft.server.level.ServerLevel.tickNonPassenger(ServerLevel.java:1409) ~[?:?]
	at net.minecraft.world.level.Level.guardEntityTick(Level.java:1318) ~[?:?]
	at net.minecraft.server.level.ServerLevel.lambda$tick$8(ServerLevel.java:916) ~[?:?]
	at net.minecraft.world.level.entity.EntityTickList.forEach(EntityTickList.java:42) ~[paper-1.20.4.jar:git-Paper-499]
	at net.minecraft.server.level.ServerLevel.tick(ServerLevel.java:896) ~[?:?]
	at net.minecraft.server.MinecraftServer.tickChildren(MinecraftServer.java:1724) ~[paper-1.20.4.jar:git-Paper-499]
	at net.minecraft.server.dedicated.DedicatedServer.tickChildren(DedicatedServer.java:447) ~[paper-1.20.4.jar:git-Paper-499]
	at net.minecraft.server.MinecraftServer.tickServer(MinecraftServer.java:1525) ~[paper-1.20.4.jar:git-Paper-499]
	at net.minecraft.server.MinecraftServer.runServer(MinecraftServer.java:1226) ~[paper-1.20.4.jar:git-Paper-499]
	at net.minecraft.server.MinecraftServer.lambda$spin$0(MinecraftServer.java:319) ~[paper-1.20.4.jar:git-Paper-499]
	at java.lang.Thread.run(Thread.java:1583) ~[?:?]
[18:41:05] [Server thread/ERROR]: Could not pass event EntityTargetLivingEntityEvent to EliteEnchantments v2.3.8
java.lang.NullPointerException: Cannot invoke "org.bukkit.entity.Entity.getUniqueId()" because the return value of "org.bukkit.event.entity.EntityTargetEvent.getTarget()" is null
	at net.splodgebox.eliteenchantments.enchants.data.effects.RotDecay.onTarget(RotDecay.java:92) ~[EliteEnchantments.jar:?]
	at com.destroystokyo.paper.event.executor.asm.generated.GeneratedEventExecutor236.execute(Unknown Source) ~[?:?]
	at org.bukkit.plugin.EventExecutor$2.execute(EventExecutor.java:77) ~[paper-api-1.20.4-R0.1-SNAPSHOT.jar:?]
	at co.aikar.timings.TimedEventExecutor.execute(TimedEventExecutor.java:81) ~[paper-api-1.20.4-R0.1-SNAPSHOT.jar:git-Paper-499]
	at org.bukkit.plugin.RegisteredListener.callEvent(RegisteredListener.java:70) ~[paper-api-1.20.4-R0.1-SNAPSHOT.jar:?]
	at io.papermc.paper.plugin.manager.PaperEventManager.callEvent(PaperEventManager.java:54) ~[paper-1.20.4.jar:git-Paper-499]
	at io.papermc.paper.plugin.manager.PaperPluginManagerImpl.callEvent(PaperPluginManagerImpl.java:126) ~[paper-1.20.4.jar:git-Paper-499]
	at org.bukkit.plugin.SimplePluginManager.callEvent(SimplePluginManager.java:615) ~[paper-api-1.20.4-R0.1-SNAPSHOT.jar:?]
	at net.minecraft.world.entity.Mob.setTarget(Mob.java:315) ~[?:?]
	at net.minecraft.world.entity.ai.goal.target.TargetGoal.stop(TargetGoal.java:95) ~[?:?]
	at net.minecraft.world.entity.ai.goal.WrappedGoal.stop(WrappedGoal.java:47) ~[?:?]
	at net.minecraft.world.entity.ai.goal.GoalSelector.tick(GoalSelector.java:135) ~[?:?]
	at net.minecraft.world.entity.Mob.serverAiStep(Mob.java:923) ~[?:?]
	at net.minecraft.world.entity.LivingEntity.aiStep(LivingEntity.java:3417) ~[?:?]
	at net.minecraft.world.entity.Mob.aiStep(Mob.java:676) ~[?:?]
	at net.minecraft.world.entity.monster.Monster.aiStep(Monster.java:45) ~[?:?]
	at net.minecraft.world.entity.monster.Zombie.aiStep(Zombie.java:270) ~[?:?]
	at net.minecraft.world.entity.LivingEntity.tick(LivingEntity.java:3066) ~[?:?]
	at net.minecraft.world.entity.Mob.tick(Mob.java:438) ~[?:?]
	at net.minecraft.world.entity.monster.Zombie.tick(Zombie.java:240) ~[?:?]
	at net.minecraft.server.level.ServerLevel.tickNonPassenger(ServerLevel.java:1409) ~[?:?]
	at net.minecraft.world.level.Level.guardEntityTick(Level.java:1318) ~[?:?]
	at net.minecraft.server.level.ServerLevel.lambda$tick$8(ServerLevel.java:916) ~[?:?]
	at net.minecraft.world.level.entity.EntityTickList.forEach(EntityTickList.java:42) ~[paper-1.20.4.jar:git-Paper-499]
	at net.minecraft.server.level.ServerLevel.tick(ServerLevel.java:896) ~[?:?]
	at net.minecraft.server.MinecraftServer.tickChildren(MinecraftServer.java:1724) ~[paper-1.20.4.jar:git-Paper-499]
	at net.minecraft.server.dedicated.DedicatedServer.tickChildren(DedicatedServer.java:447) ~[paper-1.20.4.jar:git-Paper-499]
	at net.minecraft.server.MinecraftServer.tickServer(MinecraftServer.java:1525) ~[paper-1.20.4.jar:git-Paper-499]
	at net.minecraft.server.MinecraftServer.runServer(MinecraftServer.java:1226) ~[paper-1.20.4.jar:git-Paper-499]
	at net.minecraft.server.MinecraftServer.lambda$spin$0(MinecraftServer.java:319) ~[paper-1.20.4.jar:git-Paper-499]
	at java.lang.Thread.run(Thread.java:1583) ~[?:?]
[18:41:40] [Server thread/ERROR]: Could not pass event EntityTargetLivingEntityEvent to EliteEnchantments v2.3.8
java.lang.NullPointerException: Cannot invoke "org.bukkit.entity.Entity.getUniqueId()" because the return value of "org.bukkit.event.entity.EntityTargetEvent.getTarget()" is null
	at net.splodgebox.eliteenchantments.enchants.data.effects.RotDecay.onTarget(RotDecay.java:92) ~[EliteEnchantments.jar:?]
	at com.destroystokyo.paper.event.executor.asm.generated.GeneratedEventExecutor236.execute(Unknown Source) ~[?:?]
	at org.bukkit.plugin.EventExecutor$2.execute(EventExecutor.java:77) ~[paper-api-1.20.4-R0.1-SNAPSHOT.jar:?]
	at co.aikar.timings.TimedEventExecutor.execute(TimedEventExecutor.java:81) ~[paper-api-1.20.4-R0.1-SNAPSHOT.jar:git-Paper-499]
	at org.bukkit.plugin.RegisteredListener.callEvent(RegisteredListener.java:70) ~[paper-api-1.20.4-R0.1-SNAPSHOT.jar:?]
	at io.papermc.paper.plugin.manager.PaperEventManager.callEvent(PaperEventManager.java:54) ~[paper-1.20.4.jar:git-Paper-499]
	at io.papermc.paper.plugin.manager.PaperPluginManagerImpl.callEvent(PaperPluginManagerImpl.java:126) ~[paper-1.20.4.jar:git-Paper-499]
	at org.bukkit.plugin.SimplePluginManager.callEvent(SimplePluginManager.java:615) ~[paper-api-1.20.4-R0.1-SNAPSHOT.jar:?]
	at net.minecraft.world.entity.Mob.setTarget(Mob.java:315) ~[?:?]
	at net.minecraft.world.entity.ai.goal.target.TargetGoal.stop(TargetGoal.java:95) ~[?:?]
	at net.minecraft.world.entity.ai.goal.WrappedGoal.stop(WrappedGoal.java:47) ~[?:?]
	at net.minecraft.world.entity.ai.goal.GoalSelector.tick(GoalSelector.java:135) ~[?:?]
	at net.minecraft.world.entity.Mob.serverAiStep(Mob.java:923) ~[?:?]
	at net.minecraft.world.entity.LivingEntity.aiStep(LivingEntity.java:3417) ~[?:?]
	at net.minecraft.world.entity.Mob.aiStep(Mob.java:676) ~[?:?]
	at net.minecraft.world.entity.monster.Monster.aiStep(Monster.java:45) ~[?:?]
	at net.minecraft.world.entity.monster.Zombie.aiStep(Zombie.java:270) ~[?:?]
	at net.minecraft.world.entity.LivingEntity.tick(LivingEntity.java:3066) ~[?:?]
	at net.minecraft.world.entity.Mob.tick(Mob.java:438) ~[?:?]
	at net.minecraft.world.entity.monster.Zombie.tick(Zombie.java:240) ~[?:?]
	at net.minecraft.server.level.ServerLevel.tickNonPassenger(ServerLevel.java:1409) ~[?:?]
	at net.minecraft.world.level.Level.guardEntityTick(Level.java:1318) ~[?:?]
	at net.minecraft.server.level.ServerLevel.lambda$tick$8(ServerLevel.java:916) ~[?:?]
	at net.minecraft.world.level.entity.EntityTickList.forEach(EntityTickList.java:42) ~[paper-1.20.4.jar:git-Paper-499]
	at net.minecraft.server.level.ServerLevel.tick(ServerLevel.java:896) ~[?:?]
	at net.minecraft.server.MinecraftServer.tickChildren(MinecraftServer.java:1724) ~[paper-1.20.4.jar:git-Paper-499]
	at net.minecraft.server.dedicated.DedicatedServer.tickChildren(DedicatedServer.java:447) ~[paper-1.20.4.jar:git-Paper-499]
	at net.minecraft.server.MinecraftServer.tickServer(MinecraftServer.java:1525) ~[paper-1.20.4.jar:git-Paper-499]
	at net.minecraft.server.MinecraftServer.runServer(MinecraftServer.java:1226) ~[paper-1.20.4.jar:git-Paper-499]
	at net.minecraft.server.MinecraftServer.lambda$spin$0(MinecraftServer.java:319) ~[paper-1.20.4.jar:git-Paper-499]
	at java.lang.Thread.run(Thread.java:1583) ~[?:?]
[18:41:41] [Server thread/ERROR]: Could not pass event EntityTargetLivingEntityEvent to EliteEnchantments v2.3.8
java.lang.NullPointerException: Cannot invoke "org.bukkit.entity.Entity.getUniqueId()" because the return value of "org.bukkit.event.entity.EntityTargetEvent.getTarget()" is null
	at net.splodgebox.eliteenchantments.enchants.data.effects.RotDecay.onTarget(RotDecay.java:92) ~[EliteEnchantments.jar:?]
	at com.destroystokyo.paper.event.executor.asm.generated.GeneratedEventExecutor236.execute(Unknown Source) ~[?:?]
	at org.bukkit.plugin.EventExecutor$2.execute(EventExecutor.java:77) ~[paper-api-1.20.4-R0.1-SNAPSHOT.jar:?]
	at co.aikar.timings.TimedEventExecutor.execute(TimedEventExecutor.java:81) ~[paper-api-1.20.4-R0.1-SNAPSHOT.jar:git-Paper-499]
	at org.bukkit.plugin.RegisteredListener.callEvent(RegisteredListener.java:70) ~[paper-api-1.20.4-R0.1-SNAPSHOT.jar:?]
	at io.papermc.paper.plugin.manager.PaperEventManager.callEvent(PaperEventManager.java:54) ~[paper-1.20.4.jar:git-Paper-499]
	at io.papermc.paper.plugin.manager.PaperPluginManagerImpl.callEvent(PaperPluginManagerImpl.java:126) ~[paper-1.20.4.jar:git-Paper-499]
	at org.bukkit.plugin.SimplePluginManager.callEvent(SimplePluginManager.java:615) ~[paper-api-1.20.4-R0.1-SNAPSHOT.jar:?]
	at net.minecraft.world.entity.Mob.setTarget(Mob.java:315) ~[?:?]
	at net.minecraft.world.entity.ai.goal.target.TargetGoal.stop(TargetGoal.java:95) ~[?:?]
	at net.minecraft.world.entity.ai.goal.WrappedGoal.stop(WrappedGoal.java:47) ~[?:?]
	at net.minecraft.world.entity.ai.goal.GoalSelector.tick(GoalSelector.java:135) ~[?:?]
	at net.minecraft.world.entity.Mob.serverAiStep(Mob.java:923) ~[?:?]
	at net.minecraft.world.entity.LivingEntity.aiStep(LivingEntity.java:3417) ~[?:?]
	at net.minecraft.world.entity.Mob.aiStep(Mob.java:676) ~[?:?]
	at net.minecraft.world.entity.monster.Monster.aiStep(Monster.java:45) ~[?:?]
	at net.minecraft.world.entity.monster.Zombie.aiStep(Zombie.java:270) ~[?:?]
	at net.minecraft.world.entity.LivingEntity.tick(LivingEntity.java:3066) ~[?:?]
	at net.minecraft.world.entity.Mob.tick(Mob.java:438) ~[?:?]
	at net.minecraft.world.entity.monster.Zombie.tick(Zombie.java:240) ~[?:?]
	at net.minecraft.server.level.ServerLevel.tickNonPassenger(ServerLevel.java:1409) ~[?:?]
	at net.minecraft.world.level.Level.guardEntityTick(Level.java:1318) ~[?:?]
	at net.minecraft.server.level.ServerLevel.lambda$tick$8(ServerLevel.java:916) ~[?:?]
	at net.minecraft.world.level.entity.EntityTickList.forEach(EntityTickList.java:42) ~[paper-1.20.4.jar:git-Paper-499]
	at net.minecraft.server.level.ServerLevel.tick(ServerLevel.java:896) ~[?:?]
	at net.minecraft.server.MinecraftServer.tickChildren(MinecraftServer.java:1724) ~[paper-1.20.4.jar:git-Paper-499]
	at net.minecraft.server.dedicated.DedicatedServer.tickChildren(DedicatedServer.java:447) ~[paper-1.20.4.jar:git-Paper-499]
	at net.minecraft.server.MinecraftServer.tickServer(MinecraftServer.java:1525) ~[paper-1.20.4.jar:git-Paper-499]
	at net.minecraft.server.MinecraftServer.runServer(MinecraftServer.java:1226) ~[paper-1.20.4.jar:git-Paper-499]
	at net.minecraft.server.MinecraftServer.lambda$spin$0(MinecraftServer.java:319) ~[paper-1.20.4.jar:git-Paper-499]
	at java.lang.Thread.run(Thread.java:1583) ~[?:?]
[18:41:41] [Server thread/ERROR]: Could not pass event EntityTargetLivingEntityEvent to EliteEnchantments v2.3.8
java.lang.NullPointerException: Cannot invoke "org.bukkit.entity.Entity.getUniqueId()" because the return value of "org.bukkit.event.entity.EntityTargetEvent.getTarget()" is null
	at net.splodgebox.eliteenchantments.enchants.data.effects.RotDecay.onTarget(RotDecay.java:92) ~[EliteEnchantments.jar:?]
	at com.destroystokyo.paper.event.executor.asm.generated.GeneratedEventExecutor236.execute(Unknown Source) ~[?:?]
	at org.bukkit.plugin.EventExecutor$2.execute(EventExecutor.java:77) ~[paper-api-1.20.4-R0.1-SNAPSHOT.jar:?]
	at co.aikar.timings.TimedEventExecutor.execute(TimedEventExecutor.java:81) ~[paper-api-1.20.4-R0.1-SNAPSHOT.jar:git-Paper-499]
	at org.bukkit.plugin.RegisteredListener.callEvent(RegisteredListener.java:70) ~[paper-api-1.20.4-R0.1-SNAPSHOT.jar:?]
	at io.papermc.paper.plugin.manager.PaperEventManager.callEvent(PaperEventManager.java:54) ~[paper-1.20.4.jar:git-Paper-499]
	at io.papermc.paper.plugin.manager.PaperPluginManagerImpl.callEvent(PaperPluginManagerImpl.java:126) ~[paper-1.20.4.jar:git-Paper-499]
	at org.bukkit.plugin.SimplePluginManager.callEvent(SimplePluginManager.java:615) ~[paper-api-1.20.4-R0.1-SNAPSHOT.jar:?]
	at net.minecraft.world.entity.Mob.setTarget(Mob.java:315) ~[?:?]
	at net.minecraft.world.entity.ai.goal.target.TargetGoal.stop(TargetGoal.java:95) ~[?:?]
	at net.minecraft.world.entity.ai.goal.WrappedGoal.stop(WrappedGoal.java:47) ~[?:?]
	at net.minecraft.world.entity.ai.goal.GoalSelector.tick(GoalSelector.java:135) ~[?:?]
	at net.minecraft.world.entity.Mob.serverAiStep(Mob.java:923) ~[?:?]
	at net.minecraft.world.entity.LivingEntity.aiStep(LivingEntity.java:3417) ~[?:?]
	at net.minecraft.world.entity.Mob.aiStep(Mob.java:676) ~[?:?]
	at net.minecraft.world.entity.monster.Monster.aiStep(Monster.java:45) ~[?:?]
	at net.minecraft.world.entity.monster.Zombie.aiStep(Zombie.java:270) ~[?:?]
	at net.minecraft.world.entity.LivingEntity.tick(LivingEntity.java:3066) ~[?:?]
	at net.minecraft.world.entity.Mob.tick(Mob.java:438) ~[?:?]
	at net.minecraft.world.entity.monster.Zombie.tick(Zombie.java:240) ~[?:?]
	at net.minecraft.server.level.ServerLevel.tickNonPassenger(ServerLevel.java:1409) ~[?:?]
	at net.minecraft.world.level.Level.guardEntityTick(Level.java:1318) ~[?:?]
	at net.minecraft.server.level.ServerLevel.lambda$tick$8(ServerLevel.java:916) ~[?:?]
	at net.minecraft.world.level.entity.EntityTickList.forEach(EntityTickList.java:42) ~[paper-1.20.4.jar:git-Paper-499]
	at net.minecraft.server.level.ServerLevel.tick(ServerLevel.java:896) ~[?:?]
	at net.minecraft.server.MinecraftServer.tickChildren(MinecraftServer.java:1724) ~[paper-1.20.4.jar:git-Paper-499]
	at net.minecraft.server.dedicated.DedicatedServer.tickChildren(DedicatedServer.java:447) ~[paper-1.20.4.jar:git-Paper-499]
	at net.minecraft.server.MinecraftServer.tickServer(MinecraftServer.java:1525) ~[paper-1.20.4.jar:git-Paper-499]
	at net.minecraft.server.MinecraftServer.runServer(MinecraftServer.java:1226) ~[paper-1.20.4.jar:git-Paper-499]
	at net.minecraft.server.MinecraftServer.lambda$spin$0(MinecraftServer.java:319) ~[paper-1.20.4.jar:git-Paper-499]
	at java.lang.Thread.run(Thread.java:1583) ~[?:?]
[18:41:41] [Server thread/ERROR]: Could not pass event EntityTargetLivingEntityEvent to EliteEnchantments v2.3.8
java.lang.NullPointerException: Cannot invoke "org.bukkit.entity.Entity.getUniqueId()" because the return value of "org.bukkit.event.entity.EntityTargetEvent.getTarget()" is null
	at net.splodgebox.eliteenchantments.enchants.data.effects.RotDecay.onTarget(RotDecay.java:92) ~[EliteEnchantments.jar:?]
	at com.destroystokyo.paper.event.executor.asm.generated.GeneratedEventExecutor236.execute(Unknown Source) ~[?:?]
	at org.bukkit.plugin.EventExecutor$2.execute(EventExecutor.java:77) ~[paper-api-1.20.4-R0.1-SNAPSHOT.jar:?]
	at co.aikar.timings.TimedEventExecutor.execute(TimedEventExecutor.java:81) ~[paper-api-1.20.4-R0.1-SNAPSHOT.jar:git-Paper-499]
	at org.bukkit.plugin.RegisteredListener.callEvent(RegisteredListener.java:70) ~[paper-api-1.20.4-R0.1-SNAPSHOT.jar:?]
	at io.papermc.paper.plugin.manager.PaperEventManager.callEvent(PaperEventManager.java:54) ~[paper-1.20.4.jar:git-Paper-499]
	at io.papermc.paper.plugin.manager.PaperPluginManagerImpl.callEvent(PaperPluginManagerImpl.java:126) ~[paper-1.20.4.jar:git-Paper-499]
	at org.bukkit.plugin.SimplePluginManager.callEvent(SimplePluginManager.java:615) ~[paper-api-1.20.4-R0.1-SNAPSHOT.jar:?]
	at net.minecraft.world.entity.Mob.setTarget(Mob.java:315) ~[?:?]
	at net.minecraft.world.entity.ai.goal.target.TargetGoal.stop(TargetGoal.java:95) ~[?:?]
	at net.minecraft.world.entity.ai.goal.WrappedGoal.stop(WrappedGoal.java:47) ~[?:?]
	at net.minecraft.world.entity.ai.goal.GoalSelector.tick(GoalSelector.java:135) ~[?:?]
	at net.minecraft.world.entity.Mob.serverAiStep(Mob.java:923) ~[?:?]
	at net.minecraft.world.entity.LivingEntity.aiStep(LivingEntity.java:3417) ~[?:?]
	at net.minecraft.world.entity.Mob.aiStep(Mob.java:676) ~[?:?]
	at net.minecraft.world.entity.monster.Monster.aiStep(Monster.java:45) ~[?:?]
	at net.minecraft.world.entity.monster.Zombie.aiStep(Zombie.java:270) ~[?:?]
	at net.minecraft.world.entity.LivingEntity.tick(LivingEntity.java:3066) ~[?:?]
	at net.minecraft.world.entity.Mob.tick(Mob.java:438) ~[?:?]
	at net.minecraft.world.entity.monster.Zombie.tick(Zombie.java:240) ~[?:?]
	at net.minecraft.server.level.ServerLevel.tickNonPassenger(ServerLevel.java:1409) ~[?:?]
	at net.minecraft.world.level.Level.guardEntityTick(Level.java:1318) ~[?:?]
	at net.minecraft.server.level.ServerLevel.lambda$tick$8(ServerLevel.java:916) ~[?:?]
	at net.minecraft.world.level.entity.EntityTickList.forEach(EntityTickList.java:42) ~[paper-1.20.4.jar:git-Paper-499]
	at net.minecraft.server.level.ServerLevel.tick(ServerLevel.java:896) ~[?:?]
	at net.minecraft.server.MinecraftServer.tickChildren(MinecraftServer.java:1724) ~[paper-1.20.4.jar:git-Paper-499]
	at net.minecraft.server.dedicated.DedicatedServer.tickChildren(DedicatedServer.java:447) ~[paper-1.20.4.jar:git-Paper-499]
	at net.minecraft.server.MinecraftServer.tickServer(MinecraftServer.java:1525) ~[paper-1.20.4.jar:git-Paper-499]
	at net.minecraft.server.MinecraftServer.runServer(MinecraftServer.java:1226) ~[paper-1.20.4.jar:git-Paper-499]
	at net.minecraft.server.MinecraftServer.lambda$spin$0(MinecraftServer.java:319) ~[paper-1.20.4.jar:git-Paper-499]
	at java.lang.Thread.run(Thread.java:1583) ~[?:?]
[18:42:45] [Server thread/INFO]: HeldMango2526 was slain by Enforcer ♥ 157/250
[18:42:49] [Server thread/INFO]: HeldMango2526 issued server command: /fly
[18:43:19] [Server thread/INFO]: HeldMango2526 issued server command: /ec
[18:43:20] [Server thread/ERROR]: [i18n-paper] Unhandled exception occurred in onPacketSending(PacketEvent) for i18n-paper
com.comphenix.protocol.reflect.FieldAccessException: Field index 0 is out of bounds for length 0
	at com.comphenix.protocol.reflect.FieldAccessException.fromFormat(FieldAccessException.java:49) ~[ProtocolLib.jar:?]
	at com.comphenix.protocol.reflect.StructureModifier.read(StructureModifier.java:247) ~[ProtocolLib.jar:?]
	at com.comphenix.protocol.reflect.StructureModifier.modify(StructureModifier.java:349) ~[ProtocolLib.jar:?]
	at de.helixdevs.i18n.paper.protocollib.ITranslationAdapter.handleChatComponent(ITranslationAdapter.java:52) ~[i18n-paper-1.3.jar:?]
	at de.helixdevs.i18n.paper.protocollib.OpenWindowAdapter.onPacketSending(OpenWindowAdapter.java:15) ~[i18n-paper-1.3.jar:?]
	at com.comphenix.protocol.injector.collection.OutboundPacketListenerSet.invokeListener(OutboundPacketListenerSet.java:74) ~[ProtocolLib.jar:?]
	at com.comphenix.protocol.injector.collection.PacketListenerSet.lambda$invoke$0(PacketListenerSet.java:123) ~[ProtocolLib.jar:?]
	at com.comphenix.protocol.timing.TimingTracker.lambda$static$0(TimingTracker.java:7) ~[ProtocolLib.jar:?]
	at com.comphenix.protocol.injector.collection.PacketListenerSet.invoke(PacketListenerSet.java:123) ~[ProtocolLib.jar:?]
	at com.comphenix.protocol.injector.collection.OutboundPacketListenerSet.invoke(OutboundPacketListenerSet.java:30) ~[ProtocolLib.jar:?]
	at com.comphenix.protocol.injector.collection.PacketListenerSet.invoke(PacketListenerSet.java:102) ~[ProtocolLib.jar:?]
	at com.comphenix.protocol.injector.PacketFilterManager.postPacketToListeners(PacketFilterManager.java:528) ~[ProtocolLib.jar:?]
	at com.comphenix.protocol.injector.PacketFilterManager.invokeOutboundPacketListeners(PacketFilterManager.java:516) ~[ProtocolLib.jar:?]
	at com.comphenix.protocol.injector.netty.channel.NettyChannelInjector.processOutbound(NettyChannelInjector.java:528) ~[ProtocolLib.jar:?]
	at com.comphenix.protocol.injector.netty.channel.NettyEventLoopProxy.proxyRunnable(NettyEventLoopProxy.java:44) ~[ProtocolLib.jar:?]
	at com.comphenix.protocol.injector.netty.channel.NettyEventLoopProxy.execute(NettyEventLoopProxy.java:233) ~[ProtocolLib.jar:?]
	at net.minecraft.network.Connection.sendPacket(Connection.java:433) ~[?:?]
	at net.minecraft.network.Connection.send(Connection.java:393) ~[?:?]
	at net.minecraft.server.network.ServerCommonPacketListenerImpl.send(ServerCommonPacketListenerImpl.java:255) ~[paper-1.20.4.jar:git-Paper-499]
	at net.minecraft.server.network.ServerCommonPacketListenerImpl.send(ServerCommonPacketListenerImpl.java:240) ~[paper-1.20.4.jar:git-Paper-499]
	at org.bukkit.craftbukkit.v1_20_R3.entity.CraftHumanEntity.openCustomInventory(CraftHumanEntity.java:375) ~[paper-1.20.4.jar:git-Paper-499]
	at org.bukkit.craftbukkit.v1_20_R3.entity.CraftHumanEntity.openInventory(CraftHumanEntity.java:348) ~[paper-1.20.4.jar:git-Paper-499]
	at com.earth2me.essentials.commands.Commandenderchest.run(Commandenderchest.java:22) ~[EssentialsX-2.21.2.jar:?]
	at com.earth2me.essentials.commands.EssentialsCommand.run(EssentialsCommand.java:171) ~[EssentialsX-2.21.2.jar:?]
	at com.earth2me.essentials.Essentials.onCommandEssentials(Essentials.java:799) ~[EssentialsX-2.21.2.jar:?]
	at com.earth2me.essentials.Essentials.onCommand(Essentials.java:699) ~[EssentialsX-2.21.2.jar:?]
	at org.bukkit.command.PluginCommand.execute(PluginCommand.java:45) ~[paper-api-1.20.4-R0.1-SNAPSHOT.jar:?]
	at org.bukkit.command.SimpleCommandMap.dispatch(SimpleCommandMap.java:155) ~[paper-api-1.20.4-R0.1-SNAPSHOT.jar:?]
	at org.bukkit.craftbukkit.v1_20_R3.CraftServer.dispatchCommand(CraftServer.java:999) ~[paper-1.20.4.jar:git-Paper-499]
	at org.bukkit.craftbukkit.v1_20_R3.command.BukkitCommandWrapper.run(BukkitCommandWrapper.java:64) ~[paper-1.20.4.jar:git-Paper-499]
	at com.mojang.brigadier.context.ContextChain.runExecutable(ContextChain.java:73) ~[brigadier-1.2.9.jar:?]
	at net.minecraft.commands.execution.tasks.ExecuteCommand.execute(ExecuteCommand.java:31) ~[paper-1.20.4.jar:git-Paper-499]
	at net.minecraft.commands.execution.tasks.ExecuteCommand.execute(ExecuteCommand.java:19) ~[paper-1.20.4.jar:git-Paper-499]
	at net.minecraft.commands.execution.UnboundEntryAction.lambda$bind$0(UnboundEntryAction.java:8) ~[paper-1.20.4.jar:git-Paper-499]
	at net.minecraft.commands.execution.CommandQueueEntry.a(CommandQueueEntry.java:5) ~[paper-1.20.4.jar:git-Paper-499]
	at net.minecraft.commands.execution.ExecutionContext.runCommandQueue(ExecutionContext.java:103) ~[paper-1.20.4.jar:git-Paper-499]
	at net.minecraft.commands.Commands.executeCommandInContext(Commands.java:434) ~[?:?]
	at net.minecraft.commands.Commands.performCommand(Commands.java:336) ~[?:?]
	at net.minecraft.commands.Commands.performCommand(Commands.java:323) ~[?:?]
	at net.minecraft.server.network.ServerGamePacketListenerImpl.performChatCommand(ServerGamePacketListenerImpl.java:2230) ~[?:?]
	at net.minecraft.server.network.ServerGamePacketListenerImpl.lambda$handleChatCommand$14(ServerGamePacketListenerImpl.java:2190) ~[?:?]
	at net.minecraft.util.thread.BlockableEventLoop.lambda$submitAsync$0(BlockableEventLoop.java:59) ~[?:?]
	at java.util.concurrent.CompletableFuture$AsyncSupply.run(CompletableFuture.java:1768) ~[?:?]
	at net.minecraft.server.TickTask.run(TickTask.java:18) ~[paper-1.20.4.jar:git-Paper-499]
	at net.minecraft.util.thread.BlockableEventLoop.doRunTask(BlockableEventLoop.java:149) ~[?:?]
	at net.minecraft.util.thread.ReentrantBlockableEventLoop.doRunTask(ReentrantBlockableEventLoop.java:24) ~[?:?]
	at net.minecraft.server.MinecraftServer.doRunTask(MinecraftServer.java:1465) ~[paper-1.20.4.jar:git-Paper-499]
	at net.minecraft.server.MinecraftServer.d(MinecraftServer.java:194) ~[paper-1.20.4.jar:git-Paper-499]
	at net.minecraft.util.thread.BlockableEventLoop.pollTask(BlockableEventLoop.java:123) ~[?:?]
	at net.minecraft.server.MinecraftServer.pollTaskInternal(MinecraftServer.java:1442) ~[paper-1.20.4.jar:git-Paper-499]
	at net.minecraft.server.MinecraftServer.pollTask(MinecraftServer.java:1365) ~[paper-1.20.4.jar:git-Paper-499]
	at net.minecraft.util.thread.BlockableEventLoop.managedBlock(BlockableEventLoop.java:133) ~[?:?]
	at net.minecraft.server.MinecraftServer.waitUntilNextTick(MinecraftServer.java:1343) ~[paper-1.20.4.jar:git-Paper-499]
	at net.minecraft.server.MinecraftServer.runServer(MinecraftServer.java:1232) ~[paper-1.20.4.jar:git-Paper-499]
	at net.minecraft.server.MinecraftServer.lambda$spin$0(MinecraftServer.java:319) ~[paper-1.20.4.jar:git-Paper-499]
	at java.lang.Thread.run(Thread.java:1583) ~[?:?]
[18:43:20] [Server thread/ERROR]: Parameters: 
  net.minecraft.network.protocol.game.PacketPlayOutOpenWindow@3f60663e[
    a=2
    b=net.minecraft.world.inventory.Containers@3d32e437
    c=io.papermc.paper.adventure.AdventureComponent@2064c98a
  ]

[18:43:27] [Server thread/INFO]: HeldMango2526 issued server command: /gmc
[18:43:29] [Server thread/INFO]: HeldMango2526 issued server command: /ec
[18:43:29] [Server thread/ERROR]: [i18n-paper] Unhandled exception occurred in onPacketSending(PacketEvent) for i18n-paper
com.comphenix.protocol.reflect.FieldAccessException: Field index 0 is out of bounds for length 0
	at com.comphenix.protocol.reflect.FieldAccessException.fromFormat(FieldAccessException.java:49) ~[ProtocolLib.jar:?]
	at com.comphenix.protocol.reflect.StructureModifier.read(StructureModifier.java:247) ~[ProtocolLib.jar:?]
	at com.comphenix.protocol.reflect.StructureModifier.modify(StructureModifier.java:349) ~[ProtocolLib.jar:?]
	at de.helixdevs.i18n.paper.protocollib.ITranslationAdapter.handleChatComponent(ITranslationAdapter.java:52) ~[i18n-paper-1.3.jar:?]
	at de.helixdevs.i18n.paper.protocollib.OpenWindowAdapter.onPacketSending(OpenWindowAdapter.java:15) ~[i18n-paper-1.3.jar:?]
	at com.comphenix.protocol.injector.collection.OutboundPacketListenerSet.invokeListener(OutboundPacketListenerSet.java:74) ~[ProtocolLib.jar:?]
	at com.comphenix.protocol.injector.collection.PacketListenerSet.lambda$invoke$0(PacketListenerSet.java:123) ~[ProtocolLib.jar:?]
	at com.comphenix.protocol.timing.TimingTracker.lambda$static$0(TimingTracker.java:7) ~[ProtocolLib.jar:?]
	at com.comphenix.protocol.injector.collection.PacketListenerSet.invoke(PacketListenerSet.java:123) ~[ProtocolLib.jar:?]
	at com.comphenix.protocol.injector.collection.OutboundPacketListenerSet.invoke(OutboundPacketListenerSet.java:30) ~[ProtocolLib.jar:?]
	at com.comphenix.protocol.injector.collection.PacketListenerSet.invoke(PacketListenerSet.java:102) ~[ProtocolLib.jar:?]
	at com.comphenix.protocol.injector.PacketFilterManager.postPacketToListeners(PacketFilterManager.java:528) ~[ProtocolLib.jar:?]
	at com.comphenix.protocol.injector.PacketFilterManager.invokeOutboundPacketListeners(PacketFilterManager.java:516) ~[ProtocolLib.jar:?]
	at com.comphenix.protocol.injector.netty.channel.NettyChannelInjector.processOutbound(NettyChannelInjector.java:528) ~[ProtocolLib.jar:?]
	at com.comphenix.protocol.injector.netty.channel.NettyEventLoopProxy.proxyRunnable(NettyEventLoopProxy.java:44) ~[ProtocolLib.jar:?]
	at com.comphenix.protocol.injector.netty.channel.NettyEventLoopProxy.execute(NettyEventLoopProxy.java:233) ~[ProtocolLib.jar:?]
	at net.minecraft.network.Connection.sendPacket(Connection.java:433) ~[?:?]
	at net.minecraft.network.Connection.send(Connection.java:393) ~[?:?]
	at net.minecraft.server.network.ServerCommonPacketListenerImpl.send(ServerCommonPacketListenerImpl.java:255) ~[paper-1.20.4.jar:git-Paper-499]
	at net.minecraft.server.network.ServerCommonPacketListenerImpl.send(ServerCommonPacketListenerImpl.java:240) ~[paper-1.20.4.jar:git-Paper-499]
	at org.bukkit.craftbukkit.v1_20_R3.entity.CraftHumanEntity.openCustomInventory(CraftHumanEntity.java:375) ~[paper-1.20.4.jar:git-Paper-499]
	at org.bukkit.craftbukkit.v1_20_R3.entity.CraftHumanEntity.openInventory(CraftHumanEntity.java:348) ~[paper-1.20.4.jar:git-Paper-499]
	at com.earth2me.essentials.commands.Commandenderchest.run(Commandenderchest.java:22) ~[EssentialsX-2.21.2.jar:?]
	at com.earth2me.essentials.commands.EssentialsCommand.run(EssentialsCommand.java:171) ~[EssentialsX-2.21.2.jar:?]
	at com.earth2me.essentials.Essentials.onCommandEssentials(Essentials.java:799) ~[EssentialsX-2.21.2.jar:?]
	at com.earth2me.essentials.Essentials.onCommand(Essentials.java:699) ~[EssentialsX-2.21.2.jar:?]
	at org.bukkit.command.PluginCommand.execute(PluginCommand.java:45) ~[paper-api-1.20.4-R0.1-SNAPSHOT.jar:?]
	at org.bukkit.command.SimpleCommandMap.dispatch(SimpleCommandMap.java:155) ~[paper-api-1.20.4-R0.1-SNAPSHOT.jar:?]
	at org.bukkit.craftbukkit.v1_20_R3.CraftServer.dispatchCommand(CraftServer.java:999) ~[paper-1.20.4.jar:git-Paper-499]
	at org.bukkit.craftbukkit.v1_20_R3.command.BukkitCommandWrapper.run(BukkitCommandWrapper.java:64) ~[paper-1.20.4.jar:git-Paper-499]
	at com.mojang.brigadier.context.ContextChain.runExecutable(ContextChain.java:73) ~[brigadier-1.2.9.jar:?]
	at net.minecraft.commands.execution.tasks.ExecuteCommand.execute(ExecuteCommand.java:31) ~[paper-1.20.4.jar:git-Paper-499]
	at net.minecraft.commands.execution.tasks.ExecuteCommand.execute(ExecuteCommand.java:19) ~[paper-1.20.4.jar:git-Paper-499]
	at net.minecraft.commands.execution.UnboundEntryAction.lambda$bind$0(UnboundEntryAction.java:8) ~[paper-1.20.4.jar:git-Paper-499]
	at net.minecraft.commands.execution.CommandQueueEntry.a(CommandQueueEntry.java:5) ~[paper-1.20.4.jar:git-Paper-499]
	at net.minecraft.commands.execution.ExecutionContext.runCommandQueue(ExecutionContext.java:103) ~[paper-1.20.4.jar:git-Paper-499]
	at net.minecraft.commands.Commands.executeCommandInContext(Commands.java:434) ~[?:?]
	at net.minecraft.commands.Commands.performCommand(Commands.java:336) ~[?:?]
	at net.minecraft.commands.Commands.performCommand(Commands.java:323) ~[?:?]
	at net.minecraft.server.network.ServerGamePacketListenerImpl.performChatCommand(ServerGamePacketListenerImpl.java:2230) ~[?:?]
	at net.minecraft.server.network.ServerGamePacketListenerImpl.lambda$handleChatCommand$14(ServerGamePacketListenerImpl.java:2190) ~[?:?]
	at net.minecraft.util.thread.BlockableEventLoop.lambda$submitAsync$0(BlockableEventLoop.java:59) ~[?:?]
	at java.util.concurrent.CompletableFuture$AsyncSupply.run(CompletableFuture.java:1768) ~[?:?]
	at net.minecraft.server.TickTask.run(TickTask.java:18) ~[paper-1.20.4.jar:git-Paper-499]
	at net.minecraft.util.thread.BlockableEventLoop.doRunTask(BlockableEventLoop.java:149) ~[?:?]
	at net.minecraft.util.thread.ReentrantBlockableEventLoop.doRunTask(ReentrantBlockableEventLoop.java:24) ~[?:?]
	at net.minecraft.server.MinecraftServer.doRunTask(MinecraftServer.java:1465) ~[paper-1.20.4.jar:git-Paper-499]
	at net.minecraft.server.MinecraftServer.d(MinecraftServer.java:194) ~[paper-1.20.4.jar:git-Paper-499]
	at net.minecraft.util.thread.BlockableEventLoop.pollTask(BlockableEventLoop.java:123) ~[?:?]
	at net.minecraft.server.MinecraftServer.pollTaskInternal(MinecraftServer.java:1442) ~[paper-1.20.4.jar:git-Paper-499]
	at net.minecraft.server.MinecraftServer.pollTask(MinecraftServer.java:1365) ~[paper-1.20.4.jar:git-Paper-499]
	at net.minecraft.util.thread.BlockableEventLoop.runAllTasks(BlockableEventLoop.java:112) ~[?:?]
	at net.minecraft.server.MinecraftServer.tickServer(MinecraftServer.java:1557) ~[paper-1.20.4.jar:git-Paper-499]
	at net.minecraft.server.MinecraftServer.runServer(MinecraftServer.java:1226) ~[paper-1.20.4.jar:git-Paper-499]
	at net.minecraft.server.MinecraftServer.lambda$spin$0(MinecraftServer.java:319) ~[paper-1.20.4.jar:git-Paper-499]
	at java.lang.Thread.run(Thread.java:1583) ~[?:?]
[18:43:29] [Server thread/ERROR]: Parameters: 
  net.minecraft.network.protocol.game.PacketPlayOutOpenWindow@5435c09b[
    a=3
    b=net.minecraft.world.inventory.Containers@3d32e437
    c=io.papermc.paper.adventure.AdventureComponent@6baa29ea
  ]

[18:43:38] [Server thread/INFO]: HeldMango2526 issued server command: /fix all
[18:43:41] [Server thread/INFO]: HeldMango2526 issued server command: /gms
[18:44:51] [Server thread/INFO]: HeldMango2526 issued server command: /kits
[18:45:33] [Server thread/INFO]: HeldMango2526 issued server command: /pl
[18:45:46] [Server thread/INFO]: HeldMango2526 issued server command: /elitebosses:bosses
[18:45:54] [Server thread/INFO]: HeldMango2526 issued server command: /elitebosses:bosses
[18:46:06] [Server thread/INFO]: HeldMango2526 issued server command: /boss
[18:46:11] [Server thread/INFO]: HeldMango2526 issued server command: /bossbar
[18:46:16] [Server thread/INFO]: HeldMango2526 issued server command: /bosses
[18:46:24] [Server thread/INFO]: HeldMango2526 issued server command: /bosses admin
[18:46:25] [Server thread/ERROR]: [i18n-paper] Unhandled exception occurred in onPacketSending(PacketEvent) for i18n-paper
com.comphenix.protocol.reflect.FieldAccessException: Field index 0 is out of bounds for length 0
	at com.comphenix.protocol.reflect.FieldAccessException.fromFormat(FieldAccessException.java:49) ~[ProtocolLib.jar:?]
	at com.comphenix.protocol.reflect.StructureModifier.read(StructureModifier.java:247) ~[ProtocolLib.jar:?]
	at com.comphenix.protocol.reflect.StructureModifier.modify(StructureModifier.java:349) ~[ProtocolLib.jar:?]
	at de.helixdevs.i18n.paper.protocollib.ITranslationAdapter.handleChatComponent(ITranslationAdapter.java:52) ~[i18n-paper-1.3.jar:?]
	at de.helixdevs.i18n.paper.protocollib.OpenWindowAdapter.onPacketSending(OpenWindowAdapter.java:15) ~[i18n-paper-1.3.jar:?]
	at com.comphenix.protocol.injector.collection.OutboundPacketListenerSet.invokeListener(OutboundPacketListenerSet.java:74) ~[ProtocolLib.jar:?]
	at com.comphenix.protocol.injector.collection.PacketListenerSet.lambda$invoke$0(PacketListenerSet.java:123) ~[ProtocolLib.jar:?]
	at com.comphenix.protocol.timing.TimingTracker.lambda$static$0(TimingTracker.java:7) ~[ProtocolLib.jar:?]
	at com.comphenix.protocol.injector.collection.PacketListenerSet.invoke(PacketListenerSet.java:123) ~[ProtocolLib.jar:?]
	at com.comphenix.protocol.injector.collection.OutboundPacketListenerSet.invoke(OutboundPacketListenerSet.java:30) ~[ProtocolLib.jar:?]
	at com.comphenix.protocol.injector.collection.PacketListenerSet.invoke(PacketListenerSet.java:102) ~[ProtocolLib.jar:?]
	at com.comphenix.protocol.injector.PacketFilterManager.postPacketToListeners(PacketFilterManager.java:528) ~[ProtocolLib.jar:?]
	at com.comphenix.protocol.injector.PacketFilterManager.invokeOutboundPacketListeners(PacketFilterManager.java:516) ~[ProtocolLib.jar:?]
	at com.comphenix.protocol.injector.netty.channel.NettyChannelInjector.processOutbound(NettyChannelInjector.java:528) ~[ProtocolLib.jar:?]
	at com.comphenix.protocol.injector.netty.channel.NettyEventLoopProxy.proxyRunnable(NettyEventLoopProxy.java:44) ~[ProtocolLib.jar:?]
	at com.comphenix.protocol.injector.netty.channel.NettyEventLoopProxy.execute(NettyEventLoopProxy.java:233) ~[ProtocolLib.jar:?]
	at net.minecraft.network.Connection.sendPacket(Connection.java:433) ~[?:?]
	at net.minecraft.network.Connection.send(Connection.java:393) ~[?:?]
	at net.minecraft.server.network.ServerCommonPacketListenerImpl.send(ServerCommonPacketListenerImpl.java:255) ~[paper-1.20.4.jar:git-Paper-499]
	at net.minecraft.server.network.ServerCommonPacketListenerImpl.send(ServerCommonPacketListenerImpl.java:240) ~[paper-1.20.4.jar:git-Paper-499]
	at org.bukkit.craftbukkit.v1_20_R3.entity.CraftHumanEntity.openCustomInventory(CraftHumanEntity.java:375) ~[paper-1.20.4.jar:git-Paper-499]
	at org.bukkit.craftbukkit.v1_20_R3.entity.CraftHumanEntity.openInventory(CraftHumanEntity.java:348) ~[paper-1.20.4.jar:git-Paper-499]
	at net.splodgebox.elitebosses.pluginapi.gui.menu.Menu.open(Menu.java:100) ~[EliteBosses.jar:?]
	at net.splodgebox.elitebosses.pluginapi.gui.menu.Menu.open(Menu.java:105) ~[EliteBosses.jar:?]
	at net.splodgebox.elitebosses.commands.menus.BossMenuCommand.openBossMenu(BossMenuCommand.java:26) ~[EliteBosses.jar:?]
	at jdk.internal.reflect.DirectMethodHandleAccessor.invoke(DirectMethodHandleAccessor.java:103) ~[?:?]
	at java.lang.reflect.Method.invoke(Method.java:580) ~[?:?]
	at net.splodgebox.elitebosses.acf.RegisteredCommand.invoke(RegisteredCommand.java:152) ~[EliteBosses.jar:?]
	at net.splodgebox.elitebosses.acf.BaseCommand.executeCommand(BaseCommand.java:582) ~[EliteBosses.jar:?]
	at net.splodgebox.elitebosses.acf.BaseCommand.execute(BaseCommand.java:517) ~[EliteBosses.jar:?]
	at net.splodgebox.elitebosses.acf.RootCommand.execute(RootCommand.java:99) ~[EliteBosses.jar:?]
	at net.splodgebox.elitebosses.acf.BukkitRootCommand.execute(BukkitRootCommand.java:84) ~[EliteBosses.jar:?]
	at org.bukkit.command.SimpleCommandMap.dispatch(SimpleCommandMap.java:155) ~[paper-api-1.20.4-R0.1-SNAPSHOT.jar:?]
	at org.bukkit.craftbukkit.v1_20_R3.CraftServer.dispatchCommand(CraftServer.java:999) ~[paper-1.20.4.jar:git-Paper-499]
	at org.bukkit.craftbukkit.v1_20_R3.command.BukkitCommandWrapper.run(BukkitCommandWrapper.java:64) ~[paper-1.20.4.jar:git-Paper-499]
	at com.mojang.brigadier.context.ContextChain.runExecutable(ContextChain.java:73) ~[brigadier-1.2.9.jar:?]
	at net.minecraft.commands.execution.tasks.ExecuteCommand.execute(ExecuteCommand.java:31) ~[paper-1.20.4.jar:git-Paper-499]
	at net.minecraft.commands.execution.tasks.ExecuteCommand.execute(ExecuteCommand.java:19) ~[paper-1.20.4.jar:git-Paper-499]
	at net.minecraft.commands.execution.UnboundEntryAction.lambda$bind$0(UnboundEntryAction.java:8) ~[paper-1.20.4.jar:git-Paper-499]
	at net.minecraft.commands.execution.CommandQueueEntry.a(CommandQueueEntry.java:5) ~[paper-1.20.4.jar:git-Paper-499]
	at net.minecraft.commands.execution.ExecutionContext.runCommandQueue(ExecutionContext.java:103) ~[paper-1.20.4.jar:git-Paper-499]
	at net.minecraft.commands.Commands.executeCommandInContext(Commands.java:434) ~[?:?]
	at net.minecraft.commands.Commands.performCommand(Commands.java:336) ~[?:?]
	at net.minecraft.commands.Commands.performCommand(Commands.java:323) ~[?:?]
	at net.minecraft.server.network.ServerGamePacketListenerImpl.performChatCommand(ServerGamePacketListenerImpl.java:2230) ~[?:?]
	at net.minecraft.server.network.ServerGamePacketListenerImpl.lambda$handleChatCommand$14(ServerGamePacketListenerImpl.java:2190) ~[?:?]
	at net.minecraft.util.thread.BlockableEventLoop.lambda$submitAsync$0(BlockableEventLoop.java:59) ~[?:?]
	at java.util.concurrent.CompletableFuture$AsyncSupply.run(CompletableFuture.java:1768) ~[?:?]
	at net.minecraft.server.TickTask.run(TickTask.java:18) ~[paper-1.20.4.jar:git-Paper-499]
	at net.minecraft.util.thread.BlockableEventLoop.doRunTask(BlockableEventLoop.java:149) ~[?:?]
	at net.minecraft.util.thread.ReentrantBlockableEventLoop.doRunTask(ReentrantBlockableEventLoop.java:24) ~[?:?]
	at net.minecraft.server.MinecraftServer.doRunTask(MinecraftServer.java:1465) ~[paper-1.20.4.jar:git-Paper-499]
	at net.minecraft.server.MinecraftServer.d(MinecraftServer.java:194) ~[paper-1.20.4.jar:git-Paper-499]
	at net.minecraft.util.thread.BlockableEventLoop.pollTask(BlockableEventLoop.java:123) ~[?:?]
	at net.minecraft.server.MinecraftServer.pollTaskInternal(MinecraftServer.java:1442) ~[paper-1.20.4.jar:git-Paper-499]
	at net.minecraft.server.MinecraftServer.pollTask(MinecraftServer.java:1365) ~[paper-1.20.4.jar:git-Paper-499]
	at net.minecraft.util.thread.BlockableEventLoop.managedBlock(BlockableEventLoop.java:133) ~[?:?]
	at net.minecraft.server.MinecraftServer.waitUntilNextTick(MinecraftServer.java:1343) ~[paper-1.20.4.jar:git-Paper-499]
	at net.minecraft.server.MinecraftServer.runServer(MinecraftServer.java:1232) ~[paper-1.20.4.jar:git-Paper-499]
	at net.minecraft.server.MinecraftServer.lambda$spin$0(MinecraftServer.java:319) ~[paper-1.20.4.jar:git-Paper-499]
	at java.lang.Thread.run(Thread.java:1583) ~[?:?]
[18:46:25] [Server thread/ERROR]: Parameters: 
  net.minecraft.network.protocol.game.PacketPlayOutOpenWindow@e9fa254[
    a=4
    b=net.minecraft.world.inventory.Containers@3c633e4f
    c=io.papermc.paper.adventure.AdventureComponent@2fc387fa
  ]

[18:46:39] [Server thread/INFO]: 
[18:46:39] [Server thread/INFO]: (!) The King Slime has been spawned
[18:46:39] [Server thread/INFO]: at -167x, 106y, 8z in the Warzone!
[18:46:39] [Server thread/INFO]: 
[18:46:43] [Server thread/INFO]: 
[18:46:43] [Server thread/INFO]: (!) The King Slime has been defeated
[18:46:43] [Server thread/INFO]: by these great warriors!
[18:46:43] [Server thread/INFO]: (!) Most Damage
[18:46:43] [Server thread/INFO]: 1. HeldMango2526 (38,2 DMG)
[18:46:43] [Server thread/INFO]: 
[18:46:43] [Server thread/INFO]: [Essentials] CONSOLE issued server command: /give HeldMango2526 emerald 1
[18:46:43] [Server thread/INFO]: Sto dando 1 di emerald a HeldMango2526.
[18:46:43] [Server thread/INFO]: Named entity EntitySlime['King Slime | 12♥'/2217, uuid='fcc996c6-6ead-4a15-98f7-ff95e98b6dc7', l='ServerLevel[world]', x=-162.54, y=107.17, z=5.52, cpos=[-11, 0], tl=77, v=true] died: King Slime | 12♥ was slain by HeldMango2526 using [Phantom Scythe]
[18:47:17] [Server thread/INFO]: HeldMango2526 issued server command: /bosses admin
[18:47:17] [Server thread/ERROR]: [i18n-paper] Unhandled exception occurred in onPacketSending(PacketEvent) for i18n-paper
com.comphenix.protocol.reflect.FieldAccessException: Field index 0 is out of bounds for length 0
	at com.comphenix.protocol.reflect.FieldAccessException.fromFormat(FieldAccessException.java:49) ~[ProtocolLib.jar:?]
	at com.comphenix.protocol.reflect.StructureModifier.read(StructureModifier.java:247) ~[ProtocolLib.jar:?]
	at com.comphenix.protocol.reflect.StructureModifier.modify(StructureModifier.java:349) ~[ProtocolLib.jar:?]
	at de.helixdevs.i18n.paper.protocollib.ITranslationAdapter.handleChatComponent(ITranslationAdapter.java:52) ~[i18n-paper-1.3.jar:?]
	at de.helixdevs.i18n.paper.protocollib.OpenWindowAdapter.onPacketSending(OpenWindowAdapter.java:15) ~[i18n-paper-1.3.jar:?]
	at com.comphenix.protocol.injector.collection.OutboundPacketListenerSet.invokeListener(OutboundPacketListenerSet.java:74) ~[ProtocolLib.jar:?]
	at com.comphenix.protocol.injector.collection.PacketListenerSet.lambda$invoke$0(PacketListenerSet.java:123) ~[ProtocolLib.jar:?]
	at com.comphenix.protocol.timing.TimingTracker.lambda$static$0(TimingTracker.java:7) ~[ProtocolLib.jar:?]
	at com.comphenix.protocol.injector.collection.PacketListenerSet.invoke(PacketListenerSet.java:123) ~[ProtocolLib.jar:?]
	at com.comphenix.protocol.injector.collection.OutboundPacketListenerSet.invoke(OutboundPacketListenerSet.java:30) ~[ProtocolLib.jar:?]
	at com.comphenix.protocol.injector.collection.PacketListenerSet.invoke(PacketListenerSet.java:102) ~[ProtocolLib.jar:?]
	at com.comphenix.protocol.injector.PacketFilterManager.postPacketToListeners(PacketFilterManager.java:528) ~[ProtocolLib.jar:?]
	at com.comphenix.protocol.injector.PacketFilterManager.invokeOutboundPacketListeners(PacketFilterManager.java:516) ~[ProtocolLib.jar:?]
	at com.comphenix.protocol.injector.netty.channel.NettyChannelInjector.processOutbound(NettyChannelInjector.java:528) ~[ProtocolLib.jar:?]
	at com.comphenix.protocol.injector.netty.channel.NettyEventLoopProxy.proxyRunnable(NettyEventLoopProxy.java:44) ~[ProtocolLib.jar:?]
	at com.comphenix.protocol.injector.netty.channel.NettyEventLoopProxy.execute(NettyEventLoopProxy.java:233) ~[ProtocolLib.jar:?]
	at net.minecraft.network.Connection.sendPacket(Connection.java:433) ~[?:?]
	at net.minecraft.network.Connection.send(Connection.java:393) ~[?:?]
	at net.minecraft.server.network.ServerCommonPacketListenerImpl.send(ServerCommonPacketListenerImpl.java:255) ~[paper-1.20.4.jar:git-Paper-499]
	at net.minecraft.server.network.ServerCommonPacketListenerImpl.send(ServerCommonPacketListenerImpl.java:240) ~[paper-1.20.4.jar:git-Paper-499]
	at org.bukkit.craftbukkit.v1_20_R3.entity.CraftHumanEntity.openCustomInventory(CraftHumanEntity.java:375) ~[paper-1.20.4.jar:git-Paper-499]
	at org.bukkit.craftbukkit.v1_20_R3.entity.CraftHumanEntity.openInventory(CraftHumanEntity.java:348) ~[paper-1.20.4.jar:git-Paper-499]
	at net.splodgebox.elitebosses.pluginapi.gui.menu.Menu.open(Menu.java:100) ~[EliteBosses.jar:?]
	at net.splodgebox.elitebosses.pluginapi.gui.menu.Menu.open(Menu.java:105) ~[EliteBosses.jar:?]
	at net.splodgebox.elitebosses.commands.menus.BossMenuCommand.openBossMenu(BossMenuCommand.java:26) ~[EliteBosses.jar:?]
	at jdk.internal.reflect.DirectMethodHandleAccessor.invoke(DirectMethodHandleAccessor.java:103) ~[?:?]
	at java.lang.reflect.Method.invoke(Method.java:580) ~[?:?]
	at net.splodgebox.elitebosses.acf.RegisteredCommand.invoke(RegisteredCommand.java:152) ~[EliteBosses.jar:?]
	at net.splodgebox.elitebosses.acf.BaseCommand.executeCommand(BaseCommand.java:582) ~[EliteBosses.jar:?]
	at net.splodgebox.elitebosses.acf.BaseCommand.execute(BaseCommand.java:517) ~[EliteBosses.jar:?]
	at net.splodgebox.elitebosses.acf.RootCommand.execute(RootCommand.java:99) ~[EliteBosses.jar:?]
	at net.splodgebox.elitebosses.acf.BukkitRootCommand.execute(BukkitRootCommand.java:84) ~[EliteBosses.jar:?]
	at org.bukkit.command.SimpleCommandMap.dispatch(SimpleCommandMap.java:155) ~[paper-api-1.20.4-R0.1-SNAPSHOT.jar:?]
	at org.bukkit.craftbukkit.v1_20_R3.CraftServer.dispatchCommand(CraftServer.java:999) ~[paper-1.20.4.jar:git-Paper-499]
	at org.bukkit.craftbukkit.v1_20_R3.command.BukkitCommandWrapper.run(BukkitCommandWrapper.java:64) ~[paper-1.20.4.jar:git-Paper-499]
	at com.mojang.brigadier.context.ContextChain.runExecutable(ContextChain.java:73) ~[brigadier-1.2.9.jar:?]
	at net.minecraft.commands.execution.tasks.ExecuteCommand.execute(ExecuteCommand.java:31) ~[paper-1.20.4.jar:git-Paper-499]
	at net.minecraft.commands.execution.tasks.ExecuteCommand.execute(ExecuteCommand.java:19) ~[paper-1.20.4.jar:git-Paper-499]
	at net.minecraft.commands.execution.UnboundEntryAction.lambda$bind$0(UnboundEntryAction.java:8) ~[paper-1.20.4.jar:git-Paper-499]
	at net.minecraft.commands.execution.CommandQueueEntry.a(CommandQueueEntry.java:5) ~[paper-1.20.4.jar:git-Paper-499]
	at net.minecraft.commands.execution.ExecutionContext.runCommandQueue(ExecutionContext.java:103) ~[paper-1.20.4.jar:git-Paper-499]
	at net.minecraft.commands.Commands.executeCommandInContext(Commands.java:434) ~[?:?]
	at net.minecraft.commands.Commands.performCommand(Commands.java:336) ~[?:?]
	at net.minecraft.commands.Commands.performCommand(Commands.java:323) ~[?:?]
	at net.minecraft.server.network.ServerGamePacketListenerImpl.performChatCommand(ServerGamePacketListenerImpl.java:2230) ~[?:?]
	at net.minecraft.server.network.ServerGamePacketListenerImpl.lambda$handleChatCommand$14(ServerGamePacketListenerImpl.java:2190) ~[?:?]
	at net.minecraft.util.thread.BlockableEventLoop.lambda$submitAsync$0(BlockableEventLoop.java:59) ~[?:?]
	at java.util.concurrent.CompletableFuture$AsyncSupply.run(CompletableFuture.java:1768) ~[?:?]
	at net.minecraft.server.TickTask.run(TickTask.java:18) ~[paper-1.20.4.jar:git-Paper-499]
	at net.minecraft.util.thread.BlockableEventLoop.doRunTask(BlockableEventLoop.java:149) ~[?:?]
	at net.minecraft.util.thread.ReentrantBlockableEventLoop.doRunTask(ReentrantBlockableEventLoop.java:24) ~[?:?]
	at net.minecraft.server.MinecraftServer.doRunTask(MinecraftServer.java:1465) ~[paper-1.20.4.jar:git-Paper-499]
	at net.minecraft.server.MinecraftServer.d(MinecraftServer.java:194) ~[paper-1.20.4.jar:git-Paper-499]
	at net.minecraft.util.thread.BlockableEventLoop.pollTask(BlockableEventLoop.java:123) ~[?:?]
	at net.minecraft.server.MinecraftServer.pollTaskInternal(MinecraftServer.java:1442) ~[paper-1.20.4.jar:git-Paper-499]
	at net.minecraft.server.MinecraftServer.pollTask(MinecraftServer.java:1365) ~[paper-1.20.4.jar:git-Paper-499]
	at net.minecraft.util.thread.BlockableEventLoop.managedBlock(BlockableEventLoop.java:133) ~[?:?]
	at net.minecraft.server.MinecraftServer.waitUntilNextTick(MinecraftServer.java:1343) ~[paper-1.20.4.jar:git-Paper-499]
	at net.minecraft.server.MinecraftServer.runServer(MinecraftServer.java:1232) ~[paper-1.20.4.jar:git-Paper-499]
	at net.minecraft.server.MinecraftServer.lambda$spin$0(MinecraftServer.java:319) ~[paper-1.20.4.jar:git-Paper-499]
	at java.lang.Thread.run(Thread.java:1583) ~[?:?]
[18:47:17] [Server thread/ERROR]: Parameters: 
  net.minecraft.network.protocol.game.PacketPlayOutOpenWindow@343e77e0[
    a=5
    b=net.minecraft.world.inventory.Containers@3c633e4f
    c=io.papermc.paper.adventure.AdventureComponent@30a9e06d
  ]

[18:47:25] [Server thread/INFO]: 
[18:47:25] [Server thread/INFO]: (!) The King Slime has been spawned
[18:47:25] [Server thread/INFO]: at -169x, 106y, 1z in the Warzone!
[18:47:25] [Server thread/INFO]: 
[18:47:53] [Server thread/INFO]: Named entity EntitySlime['Slime Minions'/2221, uuid='6e9e89e0-d792-41e7-b246-fed967cf734d', l='ServerLevel[world]', x=-171.74, y=107.12, z=16.37, cpos=[-11, 1], tl=188, v=true] died: Slime Minions was slain by HeldMango2526's Guardians
[18:47:57] [Server thread/INFO]: Named entity EntitySlime['Slime Minions'/2222, uuid='c1d5e8e9-6152-41b4-9d51-3afaee51affe', l='ServerLevel[world]', x=-173.69, y=110.00, z=18.84, cpos=[-11, 1], tl=265, v=true] died: Slime Minions was slain by HeldMango2526's Guardians
[18:47:58] [Server thread/INFO]: Named entity EntityIronGolem['HeldMango2526's Guardians'/2224, uuid='c732b89b-f723-4da1-aeb4-d0630459431f', l='ServerLevel[world]', x=-171.92, y=107.00, z=16.09, cpos=[-11, 1], tl=95, v=true] died: HeldMango2526's Guardians was slain by King Slime | 3,8♥ using [Default]
[18:47:59] [Server thread/INFO]: Named entity EntitySlime['Slime Minions'/2223, uuid='02d7684a-1a49-4ebe-983e-355037bb2587', l='ServerLevel[world]', x=-174.81, y=108.25, z=15.28, cpos=[-11, 0], tl=309, v=true] died: Slime Minions was slain by HeldMango2526 using [Phantom Scythe]
[18:48:00] [Server thread/INFO]: 
[18:48:00] [Server thread/INFO]: (!) The King Slime has been defeated
[18:48:00] [Server thread/INFO]: by these great warriors!
[18:48:00] [Server thread/INFO]: (!) Most Damage
[18:48:00] [Server thread/INFO]: 1. HeldMango2526 (158,7 DMG)
[18:48:00] [Server thread/INFO]: 
[18:48:00] [Server thread/INFO]: [Essentials] CONSOLE issued server command: /give HeldMango2526 emerald 1
[18:48:00] [Server thread/INFO]: Sto dando 1 di emerald a HeldMango2526.
[18:48:00] [Server thread/INFO]: Named entity EntitySlime['King Slime | 1♥'/2220, uuid='3aeb48e0-0c56-4833-9397-6fa505f8b14c', l='ServerLevel[world]', x=-172.92, y=108.18, z=15.31, cpos=[-11, 0], tl=695, v=true] died: King Slime | 1♥ was slain by HeldMango2526 using [Phantom Scythe]
[18:48:48] [Server thread/INFO]: HeldMango2526 issued server command: /pl
[18:48:57] [Server thread/INFO]: HeldMango2526 issued server command: /emask
[18:49:03] [Server thread/INFO]: HeldMango2526 issued server command: /emask admin
[18:49:03] [Server thread/ERROR]: [i18n-paper] Unhandled exception occurred in onPacketSending(PacketEvent) for i18n-paper
com.comphenix.protocol.reflect.FieldAccessException: Field index 0 is out of bounds for length 0
	at com.comphenix.protocol.reflect.FieldAccessException.fromFormat(FieldAccessException.java:49) ~[ProtocolLib.jar:?]
	at com.comphenix.protocol.reflect.StructureModifier.read(StructureModifier.java:247) ~[ProtocolLib.jar:?]
	at com.comphenix.protocol.reflect.StructureModifier.modify(StructureModifier.java:349) ~[ProtocolLib.jar:?]
	at de.helixdevs.i18n.paper.protocollib.ITranslationAdapter.handleChatComponent(ITranslationAdapter.java:52) ~[i18n-paper-1.3.jar:?]
	at de.helixdevs.i18n.paper.protocollib.OpenWindowAdapter.onPacketSending(OpenWindowAdapter.java:15) ~[i18n-paper-1.3.jar:?]
	at com.comphenix.protocol.injector.collection.OutboundPacketListenerSet.invokeListener(OutboundPacketListenerSet.java:74) ~[ProtocolLib.jar:?]
	at com.comphenix.protocol.injector.collection.PacketListenerSet.lambda$invoke$0(PacketListenerSet.java:123) ~[ProtocolLib.jar:?]
	at com.comphenix.protocol.timing.TimingTracker.lambda$static$0(TimingTracker.java:7) ~[ProtocolLib.jar:?]
	at com.comphenix.protocol.injector.collection.PacketListenerSet.invoke(PacketListenerSet.java:123) ~[ProtocolLib.jar:?]
	at com.comphenix.protocol.injector.collection.OutboundPacketListenerSet.invoke(OutboundPacketListenerSet.java:30) ~[ProtocolLib.jar:?]
	at com.comphenix.protocol.injector.collection.PacketListenerSet.invoke(PacketListenerSet.java:102) ~[ProtocolLib.jar:?]
	at com.comphenix.protocol.injector.PacketFilterManager.postPacketToListeners(PacketFilterManager.java:528) ~[ProtocolLib.jar:?]
	at com.comphenix.protocol.injector.PacketFilterManager.invokeOutboundPacketListeners(PacketFilterManager.java:516) ~[ProtocolLib.jar:?]
	at com.comphenix.protocol.injector.netty.channel.NettyChannelInjector.processOutbound(NettyChannelInjector.java:528) ~[ProtocolLib.jar:?]
	at com.comphenix.protocol.injector.netty.channel.NettyEventLoopProxy.proxyRunnable(NettyEventLoopProxy.java:44) ~[ProtocolLib.jar:?]
	at com.comphenix.protocol.injector.netty.channel.NettyEventLoopProxy.execute(NettyEventLoopProxy.java:233) ~[ProtocolLib.jar:?]
	at net.minecraft.network.Connection.sendPacket(Connection.java:433) ~[?:?]
	at net.minecraft.network.Connection.send(Connection.java:393) ~[?:?]
	at net.minecraft.server.network.ServerCommonPacketListenerImpl.send(ServerCommonPacketListenerImpl.java:255) ~[paper-1.20.4.jar:git-Paper-499]
	at net.minecraft.server.network.ServerCommonPacketListenerImpl.send(ServerCommonPacketListenerImpl.java:240) ~[paper-1.20.4.jar:git-Paper-499]
	at org.bukkit.craftbukkit.v1_20_R3.entity.CraftHumanEntity.openCustomInventory(CraftHumanEntity.java:375) ~[paper-1.20.4.jar:git-Paper-499]
	at org.bukkit.craftbukkit.v1_20_R3.entity.CraftHumanEntity.openInventory(CraftHumanEntity.java:348) ~[paper-1.20.4.jar:git-Paper-499]
	at net.splodgebox.elitemasks.imports.pluginapi.gui.menu.Menu.open(Menu.java:100) ~[EliteMasks.jar:?]
	at net.splodgebox.elitemasks.imports.pluginapi.gui.menu.Menu.open(Menu.java:105) ~[EliteMasks.jar:?]
	at net.splodgebox.elitemasks.cmds.EliteMasksCMD.openAdminGUI(EliteMasksCMD.java:105) ~[EliteMasks.jar:?]
	at jdk.internal.reflect.DirectMethodHandleAccessor.invoke(DirectMethodHandleAccessor.java:103) ~[?:?]
	at java.lang.reflect.Method.invoke(Method.java:580) ~[?:?]
	at net.splodgebox.elitemasks.imports.acf.RegisteredCommand.invoke(RegisteredCommand.java:152) ~[EliteMasks.jar:?]
	at net.splodgebox.elitemasks.imports.acf.BaseCommand.executeCommand(BaseCommand.java:578) ~[EliteMasks.jar:?]
	at net.splodgebox.elitemasks.imports.acf.BaseCommand.execute(BaseCommand.java:513) ~[EliteMasks.jar:?]
	at net.splodgebox.elitemasks.imports.acf.RootCommand.execute(RootCommand.java:99) ~[EliteMasks.jar:?]
	at net.splodgebox.elitemasks.imports.acf.BukkitRootCommand.execute(BukkitRootCommand.java:84) ~[EliteMasks.jar:?]
	at org.bukkit.command.SimpleCommandMap.dispatch(SimpleCommandMap.java:155) ~[paper-api-1.20.4-R0.1-SNAPSHOT.jar:?]
	at org.bukkit.craftbukkit.v1_20_R3.CraftServer.dispatchCommand(CraftServer.java:999) ~[paper-1.20.4.jar:git-Paper-499]
	at org.bukkit.craftbukkit.v1_20_R3.command.BukkitCommandWrapper.run(BukkitCommandWrapper.java:64) ~[paper-1.20.4.jar:git-Paper-499]
	at com.mojang.brigadier.context.ContextChain.runExecutable(ContextChain.java:73) ~[brigadier-1.2.9.jar:?]
	at net.minecraft.commands.execution.tasks.ExecuteCommand.execute(ExecuteCommand.java:31) ~[paper-1.20.4.jar:git-Paper-499]
	at net.minecraft.commands.execution.tasks.ExecuteCommand.execute(ExecuteCommand.java:19) ~[paper-1.20.4.jar:git-Paper-499]
	at net.minecraft.commands.execution.UnboundEntryAction.lambda$bind$0(UnboundEntryAction.java:8) ~[paper-1.20.4.jar:git-Paper-499]
	at net.minecraft.commands.execution.CommandQueueEntry.a(CommandQueueEntry.java:5) ~[paper-1.20.4.jar:git-Paper-499]
	at net.minecraft.commands.execution.ExecutionContext.runCommandQueue(ExecutionContext.java:103) ~[paper-1.20.4.jar:git-Paper-499]
	at net.minecraft.commands.Commands.executeCommandInContext(Commands.java:434) ~[?:?]
	at net.minecraft.commands.Commands.performCommand(Commands.java:336) ~[?:?]
	at net.minecraft.commands.Commands.performCommand(Commands.java:323) ~[?:?]
	at net.minecraft.server.network.ServerGamePacketListenerImpl.performChatCommand(ServerGamePacketListenerImpl.java:2230) ~[?:?]
	at net.minecraft.server.network.ServerGamePacketListenerImpl.lambda$handleChatCommand$14(ServerGamePacketListenerImpl.java:2190) ~[?:?]
	at net.minecraft.util.thread.BlockableEventLoop.lambda$submitAsync$0(BlockableEventLoop.java:59) ~[?:?]
	at java.util.concurrent.CompletableFuture$AsyncSupply.run(CompletableFuture.java:1768) ~[?:?]
	at net.minecraft.server.TickTask.run(TickTask.java:18) ~[paper-1.20.4.jar:git-Paper-499]
	at net.minecraft.util.thread.BlockableEventLoop.doRunTask(BlockableEventLoop.java:149) ~[?:?]
	at net.minecraft.util.thread.ReentrantBlockableEventLoop.doRunTask(ReentrantBlockableEventLoop.java:24) ~[?:?]
	at net.minecraft.server.MinecraftServer.doRunTask(MinecraftServer.java:1465) ~[paper-1.20.4.jar:git-Paper-499]
	at net.minecraft.server.MinecraftServer.d(MinecraftServer.java:194) ~[paper-1.20.4.jar:git-Paper-499]
	at net.minecraft.util.thread.BlockableEventLoop.pollTask(BlockableEventLoop.java:123) ~[?:?]
	at net.minecraft.server.MinecraftServer.pollTaskInternal(MinecraftServer.java:1442) ~[paper-1.20.4.jar:git-Paper-499]
	at net.minecraft.server.MinecraftServer.pollTask(MinecraftServer.java:1365) ~[paper-1.20.4.jar:git-Paper-499]
	at net.minecraft.util.thread.BlockableEventLoop.runAllTasks(BlockableEventLoop.java:112) ~[?:?]
	at net.minecraft.server.MinecraftServer.tickServer(MinecraftServer.java:1557) ~[paper-1.20.4.jar:git-Paper-499]
	at net.minecraft.server.MinecraftServer.runServer(MinecraftServer.java:1226) ~[paper-1.20.4.jar:git-Paper-499]
	at net.minecraft.server.MinecraftServer.lambda$spin$0(MinecraftServer.java:319) ~[paper-1.20.4.jar:git-Paper-499]
	at java.lang.Thread.run(Thread.java:1583) ~[?:?]
[18:49:03] [Server thread/ERROR]: Parameters: 
  net.minecraft.network.protocol.game.PacketPlayOutOpenWindow@1526bb8f[
    a=6
    b=net.minecraft.world.inventory.Containers@3c633e4f
    c=io.papermc.paper.adventure.AdventureComponent@3b171733
  ]

[18:49:38] [Server thread/INFO]: HeldMango2526 lost connection: Disconnected
[18:49:38] [Server thread/INFO]: HeldMango2526 left the game
[18:52:31] [Server thread/INFO]: Unknown command. Type "/help" for help.
[18:52:34] [Server thread/INFO]: Unknown command. Type "/help" for help.
[18:52:37] [Server thread/INFO]: Saving the game (this may take a moment!)
[18:52:37] [Server thread/INFO]: Saved the game
[18:52:41] [Server thread/INFO]: Stopping the server
[18:52:41] [Server thread/INFO]: Stopping server
[18:52:41] [Server thread/INFO]: [EliteBosses] Disabling EliteBosses v1.6.1
[18:52:41] [Server thread/INFO]: [EliteLootbox] Disabling EliteLootbox v2.4.5
[18:52:41] [Server thread/INFO]: EliteLootbox: Saved example lootbox rewards!
[18:52:41] [Server thread/INFO]: [EliteMasks] Disabling EliteMasks v1.6.3
[18:52:41] [Server thread/INFO]: [Essentials] Disabling Essentials v2.21.2
[18:52:41] [Server thread/INFO]: [i18n-paper] Disabling i18n-paper v1.3
[18:52:41] [Server thread/INFO]: [MadGuards] Disabling MadGuards v1.0.0
[18:52:42] [Server thread/INFO]: [MadGuards] MadGuards plugin disabled.
[18:52:42] [Server thread/INFO]: [MythicMobs] Disabling MythicMobs v5.9.5-f13ab4a1
[18:52:42] [Server thread/INFO]: [MythicMobs] ------------------------------------------------------------
[18:52:42] [Server thread/INFO]: [MythicMobs] - 
[18:52:42] [Server thread/INFO]: [MythicMobs] - Unloading Mythic...
[18:52:42] [Server thread/INFO]: [MythicMobs] - 
[18:52:42] [Server thread/INFO]: [MythicMobs] ------------------------------------------------------------
[18:52:42] [Server thread/INFO]: [MythicMobs] - Spawners saved and unloaded...
[18:52:42] [Server thread/INFO]: [MythicMobs] - Mobs saved and unloaded...
[18:52:42] [Server thread/INFO]: [MythicMobs] Saving plugin data...
[18:52:42] [Server thread/INFO]: [MythicMobs] ✓Saving Finished
[18:52:42] [Server thread/INFO]: [MythicMobs] - Variables saved...
[18:52:42] [Server thread/INFO]: [MythicMobs] - All active settings have been saved!
[18:52:42] [Server thread/INFO]: [MythicMobs] - Mythic has been unloaded!
[18:52:42] [Server thread/INFO]: [MythicMobs] ------------------------------------------------------------
[18:52:42] [Server thread/INFO]: [MythicMobs] Saving plugin data...
[18:52:42] [Server thread/INFO]: [MythicMobs] ✓Saving Finished
[18:52:42] [Server thread/INFO]: [OreRegenerator] Disabling OreRegenerator v2.4.9
[18:52:42] [Server thread/INFO]: [SlotBot] Disabling SlotBot v1.2.1
[18:52:42] [Server thread/INFO]: [WorldEdit] Disabling WorldEdit v7.3.9+6959-7adf70b
[18:52:42] [Server thread/INFO]: Unregistering com.sk89q.worldedit.bukkit.BukkitServerInterface from WorldEdit
[18:52:42] [Server thread/INFO]: [ElitePets] Disabling ElitePets v1.6.2
[18:52:42] [Server thread/INFO]: [EliteArmor] Disabling EliteArmor v6.8.2
[18:52:42] [Server thread/INFO]: [Sentinel] Disabling Sentinel v2.9.2-SNAPSHOT (build 527)
[18:52:42] [Server thread/INFO]: [Sentinel] Sentinel unloading...
[18:52:42] [Server thread/INFO]: [Sentinel] Sentinel unloaded!
[18:52:42] [Server thread/INFO]: [EliteEnchantments] Disabling EliteEnchantments v2.3.8
[18:52:42] [Server thread/INFO]: [Citizens] Disabling Citizens v2.0.33-SNAPSHOT (build 3373)
[18:52:42] [Server thread/INFO]: [ProtocolLib] Disabling ProtocolLib v5.4.0
[18:52:42] [Server thread/INFO]: Saving players
[18:52:42] [Server thread/INFO]: Saving worlds
[18:52:42] [Server thread/INFO]: Saving chunks for level 'ServerLevel[world]'/minecraft:overworld
[18:52:42] [Server thread/INFO]: [ChunkHolderManager] Waiting 60s for chunk system to halt for world 'world'
[18:52:42] [Server thread/INFO]: [ChunkHolderManager] Halted chunk system for world 'world'
[18:52:42] [Server thread/INFO]: [ChunkHolderManager] Saving all chunkholders for world 'world'
[18:52:42] [Server thread/INFO]: [ChunkHolderManager] Saved 7 block chunks, 8 entity chunks, 0 poi chunks in world 'world' in 0,01s
[18:52:42] [Server thread/INFO]: ThreadedAnvilChunkStorage (world): All chunks are saved
[18:52:42] [Server thread/INFO]: Saving chunks for level 'ServerLevel[world_nether]'/minecraft:the_nether
[18:52:42] [Server thread/INFO]: [ChunkHolderManager] Waiting 60s for chunk system to halt for world 'world_nether'
[18:52:42] [Server thread/INFO]: [ChunkHolderManager] Halted chunk system for world 'world_nether'
[18:52:42] [Server thread/INFO]: [ChunkHolderManager] Saving all chunkholders for world 'world_nether'
[18:52:42] [Server thread/INFO]: [ChunkHolderManager] Saved 0 block chunks, 20 entity chunks, 0 poi chunks in world 'world_nether' in 0,00s
[18:52:42] [Server thread/INFO]: ThreadedAnvilChunkStorage (DIM-1): All chunks are saved
[18:52:42] [Server thread/INFO]: Saving chunks for level 'ServerLevel[world_the_end]'/minecraft:the_end
[18:52:42] [Server thread/INFO]: [ChunkHolderManager] Waiting 60s for chunk system to halt for world 'world_the_end'
[18:52:42] [Server thread/INFO]: [ChunkHolderManager] Halted chunk system for world 'world_the_end'
[18:52:42] [Server thread/INFO]: [ChunkHolderManager] Saving all chunkholders for world 'world_the_end'
[18:52:42] [Server thread/INFO]: [ChunkHolderManager] Saved 0 block chunks, 10 entity chunks, 0 poi chunks in world 'world_the_end' in 0,00s
[18:52:42] [Server thread/INFO]: ThreadedAnvilChunkStorage (DIM1): All chunks are saved
[18:52:42] [Server thread/INFO]: ThreadedAnvilChunkStorage: All dimensions are saved
[18:52:42] [Server thread/INFO]: Flushing Chunk IO
[18:52:42] [Server thread/INFO]: Closing Thread Pool
[18:52:42] [Server thread/INFO]: Closing Server
